Names,Links_ID
Aamer Hameed,2601
Aamer Hanif,2602
Aamer Ikram,5629
Aamer Malik,1068
Aamer Yamin,4480
Aamir Kaleem,4465
Aamir Nazir,1259
Aamir Sohail,1653
Aaqib Javed,869
Aarif Sheikh,4808
"Aaron, V R",3916
Aarush Bhagwat,5507
"Ababu, J",2603
Abbas Saad,4868
"Abbasi, Z",5173
"Abbott, K J",4002
"Abbott, S A",4331
Abdul Hashmi,5241
Abdul Jabbar,3503
Abdul Kadir,902
Abdul Majid,5814
Abdul Qadir,1408
Abdul Rashid,5105
Abdul Razzaq,2191
Abdul Rehman,3200
Abdul Shakoor,5449
Abdul Shakoor,4450
Abdul Waheed,5807
Abdul Wahid,4870
"Abdulla, M",5722
"Abdulla, Y A",3694
Abdullah Akbarjan,5422
Abdullah Mahmood,5316
Abdullah Mazari,3827
Abdullah Sheikh,5246
Abdul-Shakoor Rahimzei,5096
Abdur Rauf,3526
Abdur Razzak,3180
Abdur Rehman,3446
"A'Beckett, E L",1
"Abel, R",5
Abhijeet Ahuja,5537
Abhishek Ahuja,5538
Abid Ali,4992
"Abid Ali, S",6
"Abioye, A S",5128
"Aboagye, I K O",5137
"Aboagye, M",5138
"Abolarin, R A",5129
Abraash Khan,5390
"Abrahams, S",2604
Abrar Bilal,5419
"Absolom, C A",7
Abu Hider,4515
Abu Jayed,4738
Abul Hasan,3965
"Achar, A G",5494
"Achelam, F",5177
"Achong, E",8
"Ackemann, C N",5508
"Ackerman, H D",2128
"Adair, M R",5089
"Adams, A R",2963
"Adams, C J",2198
"Adams, J C",9
"Adams, P R",2044
"Adcock, N A T",10
"Adedeji, S",5552
Adeel Raja,3040
Adel Kolasangiani,5817
"Adewoye, V D",5127
"Adhikari, H R",11
Adil Butt,5809
Adil Hanif,4867
Adnan Akmal,3835
Adnan Idrees,5290
Adnan Ilyas,4497
Adnan Mufti,4640
"Advani, N",5654
Afaq Hussain,819
Afif Hossain,4734
Afsar Zazai,4245
Aftab Ahmed,3224
Aftab Ahmed,5313
Aftab Alam,3762
Aftab Baloch,123
Aftab Gul,672
Aftab Hussain,5784
"Afzaal, U",2976
Afzaal Haider,3190
"Aga, R G",3223
"Agar, A C",4224
"Agarkar, A B",2159
"Agarwal, M A",4104
Agha Saadat Ali,36
Agha Zahid,1962
"Agius, G J",5010
"Agnew, J P",12
"Agnihotri, P",5250
"Ahangama, F S",13
"Ahmad, S A",5240
"Ahmadhel, A",5683
"Ahmed, K K",4539
"Ahmed, R I",4446
Ahmed Faiz,5271
Ahmed Hassan,4880
Ahmed Kamal,2605
Ahmed Raid,5824
Ahmed Raza,4258
Ahmed Shah,3726
Ahmed Shehzad,3675
Ahmed Wardak,5097
Ahsan Abbasi,5504
Ahsan Ali,5770
Ahsan Malik,3869
"Ahuja, K K",5035
Aijaz Ali,3218
Ainool Hafizs,5498
Ainool Haqqiem,5492
"Airee, D S",4809
"Airee, K S",5775
"Airee, P S",4440
Aizaz Cheema,3890
Aizaz Khan,4275
"Ajekun, D",5551
Ajmal Shahzad,3765
"Akachukwu, C M",5169
"Akankwasa, F",5779
Akhtar Sarfraz,2606
Akram Khan,2237
Akram Raza,1445
Akramullah Malikzada,5562
Akshay Homraj,5760
"Akyuz, C",5435
Al Sahariar Rokon,2238
"Alabaster, J C",30
Alam Talukdar,2607
Alamgir Kabir,3025
Al-Amin Hossain,4247
Alawi Shukri,3570
"Alderman, T M",32
"Aldridge, G W",3913
"Alexander, F C M",33
"Alexander, G",34
"Alexander, H H",35
"Alexander, R P",3211
"Algar, A D",4998
"Ali, I",40
"Ali, I",39
"Ali, M M",4271
"Ali, R W",2608
Ali Abbas,5820
Ali Asad,3201
Ali Hussain Rizvi,2117
Ali Ivan,5749
Ali Khan,5021
Ali Mohammadipour,5796
Ali Naqi,5636
Alimuddin,48
Alishan Sharafu,5799
"Allan, D I",3891
"Allan, D W",49
"Allan, F E",50
"Allan, P J",51
"Allcott, C F W",52
"Allen, D A",53
"Allen, F A",4826
"Allen, G O B",54
"Allen, I B A",55
"Allen, J",5586
"Allen, R C",56
"Allen, T P",5365
"Alleyne, M W",2609
"Allingham, M J D",2610
"Allom, M J C",57
"Allott, G I",2049
"Allott, P J W",58
Alok Kapali,3031
"Alta, H S",5433
"Amalean, K N",60
Aman Ali,3571
"Amar Singh, L",61
"Amarnath, L",62
"Amarnath, M",63
"Amarnath, S",64
"Ambris, S W",4702
"Ambrose, C E L",65
"Ambrose, T R",3534
Ameel Mauroof,4887
Ameer Saiyed,5386
"Amerasinghe, M J G",66
"Amerasinghe, M K D",3466
"Ames, L E G",67
"Amini, C J A",4346
"Amini, C R",4350
Aminuddin Ramly,5274
Aminul Islam,5478
Aminul Islam,2236
Aminul Islam Jnr,2611
Amir Ali,4468
Amir Elahi,504
Amir Hamza,3935
Amir Hayat,4727
Amir Mangal,5113
"Amiss, D L",68
Amjad Ali,3553
Amjad Gul,4501
Amjad Javed,3554
Amjad Mahboob,5339
Amjad Sher,5321
"Amla, H M",3236
Ammad Uddin,4860
"Amre, P K",69
Anam Molik,5219
Anamul Haque,3979
Anas Khan,4355
Anasim Khan,4862
"Anderson, C J",3983
"Anderson, J",4327
"Anderson, J H",70
"Anderson, J M",3065
"Anderson, R W",71
"Anderson, W M",72
"Andrew, K V",73
"Andrews, B",74
"Andrews, T J E",75
"Anefie, D K",5139
"Anemogiannis, A",5697
"Angara, J O",2612
"Angel, J",76
"Angeltti, B",5574
Anique Uddin,5237
Anisur Rehman,2614
"Ankad, R",5043
"Ankola, S A",78
"Ankrah, D N A",5135
Ankur Sharma,4301
Anowarul Islam,5258
Ansar Iqbal,5224
"Ansari, M",4471
"Ansari, Z S",4418
Ansh Tandon,5825
Anshuman Rath,4351
"Anthony, H A G",2615
"Anurasiri, S D",79
Anwar Ali,3695
Anwar Arudin,5269
Anwar Hossain,3062
Anwar Hossain Monir,3052
Anwar Hussain,820
Anwar Khan,926
Anwar Rahman,5279
Aphsal Ashraf,5803
Apon Mustafizur,5669
"Aponso, G J A",2616
"Aponso, M A",4580
"Appleyard, R",82
"Appu, S",5015
"Apte, A L",83
"Apte, M L",84
Aqib Ilyas,4500
Aqib Iqbal,5423
"Aquilina, S E",5013
"Arachchige, S",5187
Arafat Sunny,4267
"Aravind, S",4120
"Aravind, V",5756
"Archer, A G",85
"Archer, J C",4777
"Archer, K A",86
"Archer, R G",87
Areeb Quadir,5326
Arif Butt,270
Ariful Haque,4735
"Arinaitwe, Z",5146
Aritra Dutta,5493
"Armitage, T",89
"Armstrong, W W",90
"Arnel, B J",3776
"Arnold, E G",91
"Arnold, G G",92
"Arnold, J",93
"Arnold, R P",2098
"Arnott, K J",94
"Arora, B",5009
"Arora, P",5080
"Arrighi, P",5576
Arsalan Arif,5470
Arsalan Qadir,3760
Arshad Ali,3193
Arshad Ayub,107
Arshad Hayat,5459
Arshad Khan,2121
Arshad Laeeq,2617
Arshad Mazarzei,5790
Arshad Pervez,2618
Arslan Ahmed,5693
Arslan Ahmed,5627
"Arthurton, K L T",95
"Arun, B",96
Arun Lal,970
"Aryaman Sunil, U",5486
Asad Ali,4218
Asad Mohammad,5114
Asad Shafiq,3798
"Asgarli, N R",97
Asghar Afghan,3667
Asghar Ali,3198
Ashfaq Ahmed,1994
Ashfaq Ahmed,4721
Ashiqullah Said,5107
"Ashley, W H",98
"Ashokan, A",5534
Ashraf Ali,37
"Ashwin, R",3788
Asif Ali,4747
Asif Iqbal,842
Asif Iqbal,4490
Asif Mahmood,2619
Asif Masood,1101
Asif Mujtaba,1231
Asim Butt,2620
Asim Kamal,3137
Asim Saeed,3192
"Aslam, M N M",5294
Aslam Mohammad,5694
"Aspiotis, A",5695
Asrar Ahmed,5691
"Astill, W E",99
"Astle, N J",2046
"Astle, T D",3978
"Atai, S",5022
"Atapattu, M S",100
Ata-Ur-Rehman,1799
"Ateak, S",5134
"Ateak, V",5141
Athar Ali Khan,2621
"Atherton, M A",101
"Athey, C W J",102
Atif Ali Khan,4616
Atif Kamal,5446
Atif Mehmood,5005
Atif Rauf,1974
Atiq-Uz-Zaman,2214
"Atkinson, D S E",103
"Atkinson, E S E",104
"Atkinson , J J",3560
"Attewell, W",105
"Aulakh, M S",3948
"Austin, I D",2622
"Austin, R A",3709
"Austin, R A",106
"Avery, R",5589
Awais Ahmed,5002
Awais Malik,4910
Awais Zia,3942
"Awana, P",3982
"Ayannaike, A J",5122
"Azad, K",108
Azam Khan,2070
Azeem Hafeez,684
Azhar Ali,3816
Azhar Hossain,2623
Azhar Khan,927
Azhar Mahmood,2113
Azhar Saeed,2624
"Azharuddin, M",109
Aziz Mohammad,5101
Azmat Rana,1430
Azyan Farhath,5755
"Baaleri, F",5132
"Baard, S J",5023
Babar Ali,4866
Babar Azam,4425
Babar Hayat,4277
"Bacarese, M O",5642
"Bacchus, S F A",110
"Bacher, A A",111
"Bacher, A M",2086
Badal Singh,5772
"Badani, H K",2625
"Badcock, C L",112
"Badcock, F T",113
"Badree, S",3959
"Badrinath, S",3608
"Bagabena, K S",5140
"Bagai, A",3079
"Bahutule, S V",2626
"Baichan, L",114
"Baidwan, H S",3578
"Baig, A A",115
"Baig, M A",5718
"Bailey, G J",3929
"Bailey, M D",2627
"Bailey, R J",116
"Bailey, T E",117
"Bairstow, D L",118
"Bairstow, J M",3900
"Baker, J D",5308
"Baker, L S",3627
"Bakewell, A H",119
"Bakiweyem, G",5172
"Bakker, P",2628
"Baksh, S",2629
"Bakum, R",5133
"Balaji, L",3057
"Balaji Rao, W D",3613
"Balakrishnan, V",5161
"Balaskas, X C",121
"Balbirnie, A",3809
"Balderstone, J C",122
Baljit Singh,5190
"Ball, J T",4568
"Ballance, G S",4234
"Bancroft, C T",4521
"Bandara, C M",2144
"Bandara, K M C",4564
"Bandara, R M D M",5518
"Bandara, R M N L",5520
"Bandarathilake, M R C",2143
"Banerjee, B",5037
"Banerjee, S A",126
"Banerjee, S N",125
"Banerjee, S T",124
"Bangar, S B",2999
"Banks, O A C",3115
"Banner, A A",5054
"Banner, G",5088
"Banner, G G",5052
"Banner, H H",5051
"Bannerman, A C",127
"Bannerman, C",128
"Banton, T",5660
"Bantzas, S",5701
"Baptiste, E A E",129
"Baqua Jilani, M",130
"Barath, A B",3739
"Barber, R T",131
"Barber, R W",132
"Barber, W",133
"Bardsley, W",134
"Barker, J",5445
"Barker, L J",5203
"Barker, T C",5436
"Barlow, E J",136
"Barlow, G D",137
"Barlow, R G",138
"Barnes, S F",140
"Barnes, S G",139
"Barnes, W",141
"Barnett, B A",142
"Barnett, C J",143
"Barnett, G E F",3359
"Barnett, K J",144
"Barnwell, C D",3857
"Baron, P",5575
"Barratt, F",145
"Barresi, W",3807
"Barrett, A G",146
"Barrett, J E",147
"Barrington, K F",148
"Barrow, I",149
"Bartlett, E L",150
"Bartlett, G A",151
"Barton, P T",152
"Barton, V A",153
"Bascombe, M C",3905
"Bascombe, O O",3575
"Bascome, O",5354
"Bascome, O G L",5359
"Basden, D M",3489
Bashir Shah,5244
Basil Hameed,5757
Basit Ali,38
"Baskaran, V",5338
"Bastiampillai, T C",3479
"Bates, M D",3934
"Bates, W",154
"Batty, G J",3064
"Batuwitarachchi, I P P",3555
"Bau, D",4602
"Bau, S",4528
"Baugh, C S",3113
"Baumgartner, H V",155
"Bavuma, T",4370
Bazid Khan,3230
"Bean, G",156
"Beard, D D",157
"Beard, G R",158
"Beaton, R R",4718
"Beaumont, R",159
"Beck, J E F",160
"Bedade, A C",2630
"Bedi, B S",161
"Bedser, A V",162
"Beer, M A",3843
"Begbie, D W",163
"Behardien, F",3951
"Behrendorff, J P",4705
"Bell, A J",164
"Bell, I R",3207
"Bell, M D",2163
"Bell, W",165
"Benaud, J",166
"Benaud, R",167
"Benjamin, J E",1997
"Benjamin, K C G",168
"Benjamin, W K M",169
"Benkenstein, D M",2631
"Benn, S J",3543
"Bennett, H K",3829
"Bennett, M J",170
"Benson, M R",171
"Berenger, A R",4360
"Bernard, D E",3112
"Berrington, R D",3592
"Berry, R",172
"Bess, B J",3800
"Bess, D M",4786
"Best, C A",173
"Best, T L",3114
"Betancourt, N",174
"Bevan, M G",2002
"Bhaiji, M",5563
"Bhandari, A",2632
"Bhandari, B",4283
"Bhandari, L S",4813
"Bhandari, P",175
"Bhanuka, M",5500
"Bharaj, T S",5236
"Bharat Patel, P",5075
"Bharathi, S V E",5841
"Bhardwaj, R Vijay",2188
"Bhari, S",5488
"Bhart, P",5228
"Bhat, A R",176
"Bhattarai, A",4357
"Bhatti, R A",3876
"Bhatti, U",3360
"Bhudia, R L",3620
"Bhudia, S R",5175
Bhupinder Singh,2633
"Bichel, A J",2089
"Bicknell, M P",177
"Biddappa, M P",4969
Bilal Ahmed,5667
Bilal Asif,4481
Bilal Khan,4498
Bilal Tahir,5297
Bilal Zalmai,5415
Bilawal Bhatti,4250
"Bilby, G P",178
"Biljon, P J V",5786
"Billcliff, I S",3080
"Billings, S W",4428
"Binks, J G",179
"Binns, A P",180
"Binny, R M H",181
"Binny, S T R",4089
"Bird, J M",3992
"Bird, M C",182
"Birkenshaw, J",183
"Birkenstock, K",5024
"Birkett, L S",184
"Birt, T R",3757
"Bishnoi, K K",5614
"Bishoo, D",3852
"Bishop, G A",2634
"Bishop, I R",185
"Bisset, M",187
"Bissett, G F",186
"Bisson, C",5195
"Black, M I",2250
"Blackham, J M",188
"Blackie, D D J",189
"Blackwell, I D",3045
"Blackwood, J",4312
"Blain, J A R",2635
"Blain, T E",190
"Blair, B R",2636
"Blair, R W",191
"Blake, C C",4982
"Blake, D L",3226
"Blakeney, G",3660
"Blakey, R J",192
"Blampied, D G",5194
"Blanckenberg, J M",193
"Bland, K C",194
"Blewett, G S",2013
"Bligh, I F W",195
"Blignaut, A M",2637
"Blundell, T A",4624
"Blunt, R C",196
"Blythe, C",197
"Board, J H",198
"Bock, E G",199
"Bodi, G H",3497
"Bohara, A",4846
"Boissevain, P R P",5345
"Boje, N",2210
"Boland, S M",4511
"Bollinger, D E",3631
"Bolton, B A",200
"Bolus, J B",201
"Bond, G E",202
"Bond, S E",2996
"Bonner, N E",3902
"Bonnor, G J",203
"Boock, S L",204
"Boon, D C",205
"Booth, B C",206
"Booth, W",207
"Bopara, R S",3460
"Borde, C G",208
"Borden, D C",3428
"Border, A R",209
"Borren, P W",3409
"Borthwick, S G",3882
"Bosanquet, B J T",210
"Bosch, T",211
"Bose, G",2638
"Bosman, L L",3436
"Boteju, J W H",2639
"Botha, A C",3382
"Botha, J",3329
"Botha, K R",5519
"Botham, I T",212
"Botten, J T",213
"Boucher, M V",2116
"Boult, T A",3924
"Bowden, M P",214
"Bowes, W E",215
"Bowley, E H",216
"Boyce, C J",4330
"Boyce, K D",217
"Boycott, G",218
"Boyle, H F",219
"Braat, T S",5344
"Bracewell, B P",220
"Bracewell, D A J",3911
"Bracewell, J G",221
"Bracken, N W",2640
"Bradburn, G E",222
"Bradburn, W P",223
"Bradley, W M",224
"Bradman, D G",225
"Bradshaw, I D R",3174
"Brain, D H",226
"Brandes, E A",227
"Brangman, D L",5389
"Brann, W H",228
"Brathwaite, C R",3908
"Brathwaite, K C",3863
"Braund, L C",229
"Bravo, D J J",3166
"Bravo, D M",3703
"Bray, J P",3383
"Brearley, J M",230
"Brearley, W",231
"Breese, G R",3053
"Brennan, D V",232
"Brent, G B",2194
"Bresnan, T T",3396
"Briant, G A",233
"Briggs, D R",3940
"Briggs, J",234
"Bright, R J",235
"Brinkley, J E",2641
"Briscoe, A W",236
"Britton, S A",3715
"Broad, B C",237
"Broad, S C J",3434
"Brockwell, W",238
"Bromfield, H D",239
"Bromley, E H",240
"Bromley-Davenport, H R",241
"Brookes, D",242
"Brooks, S S J",5393
"Broom, N T",3634
"Brown, A",243
"Brown, A D",2642
"Brown, D",3005
"Brown, D J",244
"Brown, D R",2643
"Brown, F R",245
"Brown, G",246
"Brown, J T",247
"Brown, L S",248
"Brown, P R",5657
"Brown, R D",2644
"Brown, S J E",2063
"Brown, V R",249
"Brown, W A",250
"Browne, B S",2645
"Browne, C O",2020
"Browne, C R",251
"Browne, P A",3523
"Brownlie, D G",3840
"Bruce, T C",4623
"Bruce, W",252
"Bruk-Jackson, G K",1982
"Bryan, H R",2646
"Bryne, S",5526
"Bryson, R E",2647
"Buccimazza, P",5631
"Buckenham, C P",253
"Buckle, N",5211
"Budayair, N B",4284
"Budge, D E",4788
"Bukenya, T",5780
"Bulele, J",5705
"Bulfin, C E",2648
"Bulow, A",5253
"Bumrah, J J",4062
"Burge, P J P",254
"Burger, A J",3070
"Burger, C G D",255
"Burger, L J",3075
"Burger, S F",3094
"Burgess, D E",5300
"Burgess, M G",256
"Burke, C",257
"Burke, J W",258
"Burke, S F",259
"Burl, R P",4645
"Burmester, M G",261
"Burn, K E",262
"Burnett, C G",4223
"Burns, J A",4369
"Burns, R J",4831
"Burton, F J",263
"Burtt, T B",264
"Butchart, I P",2018
"Butcher, A R",265
"Butcher, B F",266
"Butcher, M A",2099
"Butcher, R O",267
"Butler, D C",3290
"Butler, H J",268
"Butler, I G",3011
"Butler, J",5204
"Butler, L S",269
"Butt, H R",271
"Butt, K H",3563
"Butterfield, L A",273
"Buttler, J C",3888
"Butts, C G",274
"Buurman, A F",3483
"Buys, I D",276
"Bynoe, M R",277
"Caddick, A R",278
"Cairns, B L",279
"Cairns, C L",280
"Caisley, G",5581
"Callaghan, D J",2649
"Callaway, S T",281
"Callen, I W",282
"Callender, R G",2650
"Calthorpe, F S G",283
"Camacho, G S",284
"Cameron, F J",285
"Cameron, F J",286
"Cameron, H B",287
"Cameron, J H",288
"Cameron, S J",4725
"Cameron-Dow, J",4927
"Campbell, A D R",289
"Campbell, G D",290
"Campbell, J D",4840
"Campbell, R J",3007
"Campbell, S L",2015
"Campbell, T",291
"Cann, L O B",3366
"Canning, T K",3155
"Cantrell, P E",2651
"Capel, D J",292
"Carberry, M A",3774
"Carew, G M",294
"Carew, M C",293
"Carey, A T",4726
"Carkeek, W",295
"Carlisle, S V",2016
"Carlson, P H",296
"Carlstein, P R",297
"Carlyon, H",5213
"Carr, A W",298
"Carr, D B",299
"Carr, D W",300
"Carroll, K E D",3458
"Carter, C",4489
"Carter, C P",301
"Carter, H",302
"Carter, J L",4373
"Carter, N M",4005
"Carthew, A",5601
"Cartwright, H W R",4621
"Cartwright, T W",303
"Caruana, T",5650
"Casson, B",3551
"Cato, D",5373
"Catterall, R H",304
"Cave, H B",305
"Celestine, J J",3490
"Chahal, Y S",4063
"Chahar, D L",4557
"Chahar, R D",4670
"Chakabva, R W",3622
"Challenor, G",306
"Chalmers, S J",3706
"Chameera, P V D",4380
"Chandana, U D U",2177
"Chanderpaul, S",1979
"Chandimal, L D",3779
"Chandra, V D",5076
"Chandramohan, S",5331
"Chandran, P",5038
"Chandrasekhar, B S",307
"Chandrasekhar, V B",2652
"Chandrika, R",4431
"Chang, H S",308
"Chapman, A P F",309
"Chapman, H W",310
"Chapman, M S",4278
"Chappell, C J D",2653
"Chappell, G S",311
"Chappell, I M",312
"Chappell, T M",313
"Chapple, G",3394
"Chapple, M E",314
Charanjeet Singh,5245
"Chari, B B",4336
"Charles, J",3903
"Charlton, P C",315
"Charlwood, H R J",316
"Chase, P K D",4375
"Chase, R L",4570
"Chatara, T L",3792
"Chatfield, E J",317
"Chattergoon, S",3358
"Chatterjee, U",2654
"Chatterton, W",318
"Chaturvedi, G",5527
"Chauhan, A R",5521
"Chauhan, C P S",319
"Chauhan, M",5350
"Chauhan, R K",320
"Chawla, P P",3351
"Cheetham, J E",321
"Chejay, N",5746
"Cheruparambil, M",3182
"Chete, C",5731
"Chevalier, G A",322
"Chibhabha, C J",3320
"Chigumbura, E",3167
"Chikkannaiah, V B",5092
"Childs, J H",323
"Chilia, J W",4983
"Chinouya, M T",4227
"Chipperfield, A G",324
Chirag Suri,4660
"Chisoro, T S",4483
"Chophel, S",5745
"Chopra, A",3136
"Chopra, N",2212
"Chowdhury, N R",325
"Christian, D O",3904
"Christian, D T",3766
"Christiani, C M",326
"Christiani, R J",327
"Christie, K",4603
"Christopherson, S",328
"Christy, J A J",329
"Chubb, G W A",330
"Chudasama, D N",2655
"Chumney, D R",3081
"Civric, I",5699
"Clark, E W",331
"Clark, S R",3326
"Clark, W M",332
"Clarke, C B",333
"Clarke, M J",3067
"Clarke, N E",2656
"Clarke, R",3123
"Clarke, S T",334
"Clay, J C",335
"Cleverley, D C",336
"Cloete, G L",4818
"Close, D B",337
"Cochran, J A K",338
"Codrington, A",3082
"Codrington, G R",3377
"Coen, S K",339
"Coetzer, K J",3607
"Colah, S H M",340
"Coldwell, L J",341
"Coleman, F R J",4220
"Collado, L A",5646
"Colley, D J",342
"Collinge, R O",343
"Collingwood, P D",2973
"Collins, H L",344
"Collins, N G",5318
"Collins, P T",2172
"Collymore, C D",2180
"Colquhoun, I A",345
"Coman, P G",2657
"Commaille, J M M",346
"Commins, J B",2011
"Compton, D C S",347
"Compton, N R D",3977
"Coney, J V",348
"Congdon, B E",349
"Coningham, A",350
"Connell, P",3582
"Connolly, A N",351
"Constantine, L N",352
"Contractor, N J",353
"Conyngham, D P",354
"Cook, A N",3349
"Cook, C",355
"Cook, F J",356
"Cook, G",357
"Cook, N G B",358
"Cook, S C",4518
"Cook, S H",2119
"Cook, S J",359
"Cooper, A H C",360
"Cooper, B B",361
"Cooper, B N",4231
"Cooper, T L W",3794
"Cooper, W H",362
"Cooray, M N R",5281
"Cope, G A",363
"Cope, M",5467
"Copeland, T A",3886
"Copson, W H",364
"Cork, D G",2024
"Corling, G E",365
"Cornford, W L",366
"Cornwall, R R S",5401
"Cosgrove, M J",3357
"Cosier, G J",367
"Cossa, F A",5711
"Cottam, J T",368
"Cottam, R M H",369
"Cotter, A",370
"Cotter, S J",5299
"Cottrell, S S",4249
"Coulter-Nile, N M",4001
"Coulthard, G",371
"Coventry, C J",372
"Coventry, C K",3128
"Cowan, E J M",3926
"Cowans, N G",373
"Cowdrey, C S",374
"Cowdrey, M C",375
"Cowie, J",376
"Cowper, R M",377
"Cox, J L",378
"Coxon, A",379
"Craig, I D",380
"Craig, M D",4308
"Crandon, R T",3732
"Crane, M S",4691
"Cranston, J",381
"Cranston, K",382
"Crapp, J F",383
"Crawford, J N",385
"Crawford, W P A",384
"Crawley, J P",1996
"Crawley, Z",5736
"Cremer, A G",3246
"Cresswell, G F",386
"Cripps, G",387
"Crisp, R J",388
"Crocker, G J",389
"Crockwell, F S",3659
"Croft, C E H",390
"Croft, R D B",2064
"Cromb, I B",391
"Cronje, W J",392
"Crookes, D N",2658
"Cross, M H",4221
"Crowe, J J",393
"Crowe, M D",394
"Cuffy, C E",2007
"Cullen, D J",3356
"Cullinan, D J",395
"Cumming, C D",3153
"Cummins, A C",396
"Cummins, M L",4269
"Cummins, P J",3909
"Cunis, R S",397
"Curnow, S H",398
"Curran, K M",2659
"Curran, S M",4787
"Curran, T K",4693
"Curtis, T S",399
"Cusack, A R",3475
"Cutinho, J",5057
"Cuttell, W R",400
"Cutting, B C J",3995
"Da Costa, O C",404
"Dabengwa, K M",3294
"Daesrath, D",3961
"Dahani, D K",5794
"Dahiya, V",2247
"Dahyabhai Ahir, D K",5074
"Dai, M D",4345
"Dajc, H",5673
"Dala, C J",4739
"Dale, A C",2140
"Dalpat, A",405
"Dalrymple, J W M",3395
"Dalton, E L",406
"Dalton, S",5468
"Damiao Couana, F",5709
"Dananjaya, A",3973
"Danci, P",5450
"Dandapani, H",5325
"Dani, H T",408
"Daniel, W W",409
"Danladi, I",5130
"D'Arcy, J W",401
"Darling, J",410
"Darling, L S",411
"Darling, W M",412
"Darrell, D A P",5361
"Das, S  S",2243
"Dasan, K",5677
"Dasgupta, D",2989
"Dassanayake, P B",1970
"Davey, J H",3795
"David, N A",2660
"David, R R",3602
"David, T H",5332
"Davids, H",3987
"Davidson, A K",413
"Davies, A G",2661
"Davies, E Q",414
"Davies, S G",2662
"Davies, S M",3677
"Davin, N",5142
"Davis, B A",415
"Davis, C A",416
"Davis, H T",1992
"Davis, I C",417
"Davis, S P",418
"Davis, W W",419
"Davison, J M",3083
"Davizi, S",5533
Dawlat Ahmadzai,3673
Dawlat Zadran,3875
"Dawood, J J",3723
"Dawson, A C",2663
"Dawson, E W",420
"Dawson, L A",4566
"Dawson, O C",421
"Dawson, R K J",3002
"Dcunha, L S",5516
"De Alwis, R G",422
"de Bruyn, T B",4634
"de Bruyn, Z",3235
"De Caires, F I",423
"De Courcy, J H",424
"De Freitas, P A J",425
"de Grandhomme, C",3936
"De Groen, R P",426
"De Groot, N A",3084
"de Grooth, T N",3424
"de Kock, Q",3988
"de Lange, C D",4437
"de Lange, M",3927
"de Leede, B F W",4791
"de Leede, T B M",2664
"De Mel, A L F",427
"De Saram, S I",2196
"de Silva, A M",428
"De Silva, D L S",2665
"de Silva, D M",4472
"De Silva, D S",429
"De Silva, E A R",430
"De Silva, G N",2666
"de Silva, G R A",431
"de Silva, K S C",2096
"de Silva, P A",432
"de Silva, P C",4270
"de Silva, P W H",4696
"de Silva, S K L",2120
"de Silva, S T",4638
"de Silva, W R S",3027
"de Villiers, A B",3241
"de Villiers, J I",5766
"De Villiers, P S",433
"de Wet, F",3744
"Dean, A S",3678
"Dean, H",434
"Deane, H G",435
"Dekker, M H",1983
"Delany, C J",5640
"Delany, D C A",5477
"Delany, G J",5298
Delawar Khan,5239
"Dell, A R",436
"Dempster, C S",437
"Dempster, E W",438
"Denly, J L",3724
"Denness, M H",439
"Dennis, F A",2667
"Denton, D",440
"Deonarain, Y D",5517
"Deonarine, N",3276
"Depeiza, C",441
"Dernbach, J W",3865
"Desai, J H",3217
"Desai, P A",3778
"Desai, R B",442
"Desungnoen, S",5835
"Devcich, A P",4248
"Dewdney, D T",444
"Dewes, J G",445
"Dexter, E R",446
"Dhaliwal, N S",5367
"Dhaniram, S",3361
"Dhanraj, R",2008
"Dharmani, P",2668
"Dharmasena, H D P K",1971
"Dhawan, R",4064
"Dhawan, S",3832
"Dhillon, H S",3362
Dhiman Ghosh,3535
"Dhoni, M S",3243
"Di Venuto, M J",2669
"Diamanti, B J",3645
"Dias, R L",447
"Dick, A E",448
"Dickinson, G R",449
"Dickwella, N",4316
"Diepeveen, W P",3897
"Dighe, S S",2670
"Dikov, V",5687
Dilawar Hussain,821
"Dilhara, L H D",3289
"Dilley, G R",450
"Dillon, M V",2097
"Dilshan, T M",2197
"Dima, S D J J",5712
"Dinda, A B",3740
"Dipakkumar Patel, N",5073
"Dippenaar, H H",2190
"Dipper, A E",451
"Divecha, R V",452
"Dixit, A",5624
"Dixit, M",5466
"Dixon, C D",453
"Djorovic, A",5666
"Dockrell, G H",3752
"Dodemaide, A I C",454
"Doggart, G H G",455
"Doherty, X J",3834
Dolar Mahmud,3549
"D'Oliveira, B L",402
"Dollery, H E",456
"Dolphin, A",457
"Donald, A A",458
"Donnan, H",459
"Donnelly, M P",460
"Doolan, A J",4265
"Dooland, B",461
"Dorey, B R",3338
"Doriga, K",4710
"Dorji, J N",5752
"Dorji, K",5748
"Dorji, R M",5742
"Doshi, D R",462
"Douglas, A C",5358
"Douglas, C R M",3601
"Douglas, J W H",463
"Douglas, M W",2671
"Doull, S B",464
"Dowe, U G",465
"Dower, R R",466
"Dowlin, T M",3710
"Dowling, G T",467
"Downton, P R",468
"Dowrich, S O",4427
"Drakes, V C",2672
"Draper, R G",469
"Dravid, R",2060
"Druce, N F",470
"Drum, C J",2673
"Drummond, G D",3486
"D'Silva, D D P",5343
"D'Souza, A",403
"du Plessis, F",3847
"Du Preez, J H",471
"Du Toit, J F",472
"Dube, S",4945
"Ducat, A",473
"Duckett, B M",4596
"Duckworth, C A R",474
"Duckworth, G",475
"Duers, K G",2674
"Duff, R A",476
"Duffin, T",3324
"Dugic, B",5674
"Dujon, P J L",477
"Dukanwala, S F",2675
"Duleepsinhji, K S",478
"Dumbrill, R",479
"Duminy, J P",480
"Duminy, J-P",3208
"Dunbar, L A",5668
"Duncan, J R F",481
"Dunell, O R",482
"Dunford, J S E",5198
"Dunk, B R",4337
"Dunn, J",4977
"Dunning, J A",483
"Dunusinghe, C I",2022
"Dupavillon, D M",5839
"Durani, S A",484
"Durham, H",3367
"Dursak, A B",5430
"Durston, F J",485
"Dutta, G",5042
"Dutta, N",4014
"Dyer, D V",486
"Dyer, G C",487
"Dyer, N R",2676
"Dymock, G",488
"Dyson, J",489
"Eady, C J",490
"Eaglestone, P S",3583
"Ealham, M A",2061
"Eastwood, K H",491
Ebadat Hossain,4925
"Ebanks, K R",5380
"Ebelling, H I",492
"Ebrahim, D D",2961
"Edgar, B A",493
"Edmonds, P H",494
"Edness, J",3491
"Edrich, J H",495
"Edrich, W J",496
"Edwards, F H",3125
"Edwards, G N",497
"Edwards, J D",498
"Edwards, K A",3853
"Edwards, R",500
"Edwards, R M",499
"Edwards, S A",4792
"Edwards, W J",501
Ehsan Adil,4003
Ehsan Khan,4582
Ehsan Nawaz,4298
Ehsanul Haque,3024
Ehteshamuddin,502
"Eksteen, C E",1973
"Elgar, D",3968
"Elgie, M K",506
Elias Sunny,3915
"Elliott, G D",3541
"Elliott, H",507
"Elliott, M T G",2075
"Ellis, A M",3931
"Ellison, R M",508
"Elworthy, S",2147
"Embuldeniya, L",4853
"Emburey, J E",509
"Emery, P A",2004
"Emery, R W G",510
"Emery, S H",511
"Emilio, L",5732
"Emmett, G M",512
"Emmett, T",513
"Emmott, C",5594
Emran Shahbakhsh,5789
"Emrit, R R",3457
Enamul Haque,3139
Enamul Haque,2677
"Endean, W R",514
"Engineer, F M",515
"Eranga, G D R",5371
"Eranga, R M S",3880
"Erasmus, M G",5026
"Ervine, C R",3780
"Ervine, S M",2990
"Escobar, R",5572
"Esmeijer, J",3038
"Essop-Adam, E A",2678
"Evans, A C",3707
"Evans, A J",516
"Evans, C N",2065
"Evans, E",517
"Evans, T G",518
"Evile, L",5309
"Ewing, G M",3138
"Fagg, A E",519
Fahad Alhashmi,3552
Fahad Ali,5584
Fahad Nawaz,4843
Fahad Tariq,4523
Fahad Usman,3194
"Faheem, M",5265
Faheem Ashraf,4690
Fahim Muntasir,2997
"Fairbrother, N H",520
"Fairfax, A G",521
Faisal Athar,3119
Faisal Hossain,3175
Faisal Iqbal,2261
Faisal Javed,4902
Faisal Khan,4874
Faizan Asif,4296
Fakhar Zaman,4654
Fakhrul Mohon,5635
"Fane, F L",522
Faran Afzal,4994
Fareed Ahmad,4363
Farhad Reza,3414
Farhan Adil,3133
Farhan Ahmed,4524
"Faridi, A S",3581
"Farnes, K",524
Farooq Hamid,694
"Farrer, W S",526
"Farrimond, W",527
Farrukh Zaman,1963
Faruk Ahmed,2681
"Faulkner, G A",528
"Faulkner, J P",3930
"Favell, L E",529
Fawad Ahmed,4233
Fawad Alam,3468
Fayyaz Ahmed,4302
Fayyaz Butt,4854
"Fazal, F Y",4185
Fazal Mahmood,1059
Fazal Rahman Niazai,5481
Fazle Mahmud,4823
Fazl-E-Akbar,2130
"Fellows-Smith, J P",531
"Fender, P G H",532
"Fennell, H",5569
"Ferbrache, L B",5206
"Ferguson, A",5573
"Ferguson, C J",3643
"Ferguson, L H",4609
"Ferguson, W",533
"Fernandes, M P",534
"Fernandes, N",3572
"Fernando, A M",4697
"Fernando, B",4473
"Fernando, B O P",4852
"Fernando, C R D",2223
"Fernando, E R",2682
"Fernando, E R N",535
"Fernando, K  H",3033
"Fernando, K A D",3146
"Fernando, M V T",4574
"Fernando, T C B",2992
"Fernando, T L",2683
"Fernando, U N K",2684
"Fernando, W I A",4581
"Ferraby, N J",5191
"Ferreira, N",3293
"Ferris, J J",536
Fiaz Ahmad,4896
Fiaz Ahmed,4861
"Fichardt, C G",538
Fida Hussain,5184
"Fielder, A",539
"Figy John, J",5763
"Finch, A J",3845
"Findlay, S E",3596
"Findlay, T M",540
"Fingleton, J H",541
"Finlason, C E",542
"Finn, S T",3775
"Fisher, F E",543
"Fishlock, L B",544
Fitri Sham,5275
"Fitzgerald, J A",5649
"Flannigan, R",3820
"Flavell, J A",545
"Fleetwood-Smith, L O",546
"Fleming, D W",2003
"Fleming, M V",2685
"Fleming, S P",1977
"Fletcher, A D S",3562
"Fletcher, D A G",2686
"Fletcher, K W R",547
"Flintoff, A",2148
"Floquet, C E",548
"Florin, P",5412
"Flower, A",549
"Flower, G W",550
"Flowers, K K",5050
"Flowers, W",551
"Floyd, C",5475
"Flynn, D R",3533
"Foakes, B T",4832
"Foggo, C R",3576
"Foley, H",552
"Ford, F G J",553
"Forrest, P J",3938
"Fortuin, B C",5479
"Foster, F R",554
"Foster, J S",2986
"Foster, M L C",555
"Foster, N A",556
"Foster, R E",557
"Fothergill, A J",558
"Fourie, M J",3471
"Fournier, O",5067
"Fowler, G",559
"Francis, B C",560
"Francis, G N",561
"Francis, H H",562
"Francois, C M",563
"Frank, C N",564
"Frank, W H B",565
"Franklin, J E C",2263
"Franklin, T J",566
"Franks, P J",2688
Frasat Ali,2689
"Fraser, A R C",567
"Fray, T S",5356
"Frederick, M C",568
"Fredericks, R C",569
"Freeman, A P",570
"Freeman, D L",571
"Freeman, E W",572
"Freer, F W",573
"French, A N",3183
"French, B N",574
"Freyone, J D",5643
"Friend, T J",2690
"Fry, C",5443
"Fry, C B",575
"Frylinck, J N",5031
"Frylinck, R",4708
"Fudadin, A B",3954
"Fuller, E R H",576
"Fuller, R L",577
"Fullerton, G M",578
"Fulton, P G",3233
"Funston, K J",579
"Furlonge, H A",580
"Gabriel, R S",2691
"Gabriel, S T",3952
"Gadkari, C V",581
"Gaekwad, A D",582
"Gaekwad, D K",583
"Gaekwad, H G",584
"Galanis, G C",5690
"Gallage, I S",2195
"Gallagher, P F",5349
"Gallian, J E R",2026
"Gallichan, N",585
"Gamage, J C",2692
"Gamage, P L S",4335
"Gambhir, G",3107
"Gamsy, D",586
"Gandhi, A R",5615
"Gandhi, D J",2186
"Gandotra, A",587
"Ganegama, W C A",2962
"Ganesan, V",5094
"Ganesh, D",2087
"Ganga, D",2162
"Ganguly, S C",2059
"Gannon, C J",5363
"Gannon, J B",588
"Ganteaume, A G",589
"Gardiner, H J W",4235
"Garner, J",590
"Garratt, M D",5648
"Garrett, T W",591
"Garrick, L V",2967
"Garwe, T N",3734
"Gaskin, B B M",592
"Gatting, M W",593
"Gauchan, S P",4285
"Gaunt, R A",594
"Gavaskar, R S",3159
"Gavaskar, S M",595
"Gavde, A",5391
"Gavera, W T",4348
"Gay, L H",596
"Gayle, C H",2217
Gazi Ashraf,2693
"Gaznavi, R",5616
"Geary, G",597
"Gedye, S G",598
"Geeves, B",3615
"Gehrs, D R A",599
"George, P R",3825
"Germon, L K",2037
Gershon Yusuf,5843
"Getkate, S C",4855
"Ghai, R S",2694
"Gharasim, L",5407
"Ghavri, K D",601
"Ghazali, M E Z",602
Gholam Nousher,2696
"Ghorpade, J M",603
Ghulam Abbas,2
Ghulam Ahmed,14
Ghulam Ali,2697
Ghulam Shabber,4614
"Gibb, P A",604
"Gibbons, T",3379
"Gibbs, G L",605
"Gibbs, H H",2080
"Gibbs, L R",606
"Gibson, O D",2025
"Giddins, E S H",2184
"Giffen, G",607
"Giffen, W F",608
"Gifford, N",609
"Gilbert, D R",610
"Gilchrist, A C",2192
"Gilchrist, R",611
"Giles, A F",2146
"Gilham, K",5549
"Gill, S K",5548
"Gillespie, J N",2082
"Gillespie, M R",3452
"Gillespie, P G",3384
"Gillespie, S R",612
"Gilligan, A E R",614
"Gilligan, A H H",613
"Gilmour, G J",615
"Gim, D",5554
"Gimblett, H",616
"Gladstone, G",617
"Gladwin, C",618
"Gleeson, J W",619
"Gleeson, R A",620
"Glover, B D",5256
"Glover, G K",621
"Goddard, J D C",622
"Goddard, T L",624
"Goddard, T W J",623
"Goker, O",5452
Golam Faruq,2695
"Gomes, G F",5707
"Gomes, H A",625
"Gomez, G E",626
"Goncalves, L F",5590
"Gondaria, D M",4240
"Gony, M",3569
"Gooch, G A",627
"Gooch, S",5559
"Goodwin, M W",2125
"Goodwin, R",4964
"Goonasekera, Y",628
"Goonatillake, F R M",2698
"Goonatillake, H M",629
"Goonetilleke, M",5528
"Gopalan, M J",630
"Gopinath, C D",631
"Gordon, J O A",3962
"Gordon, N",632
"Gordon, T G",3848
"Gore, K",5020
"Gori, H",5454
"Goud, S",5535
"Goudie, G",3593
"Gough, D",1995
"Gouka, E",2699
"Gould, I J",2700
"Goustis, S",5696
"Gover, A R",633
"Gower, D I",634
"Grace, E M",635
"Grace, G F",636
"Grace, W G",637
"Graf, S F",2701
"Graham, H",638
"Graham, R",639
"Grandia, V",3039
"Grant, G C",640
"Grant, R S",641
"Graveney, T W",642
"Gray, A H",643
"Gray, E J",644
"Grayson, A P",2702
"Greatbatch, M J",645
"Green, Z E",5029
"Greenhough, T",646
"Greenidge, A E",647
"Greenidge, C G",648
"Greenidge, G A",649
"Greenwood, A",650
"Greenwood, N A",5514
"Gregory, D W",651
"Gregory, E J",652
"Gregory, J M",653
"Gregory, L",5656
"Gregory, R G",654
"Gregory, S E",655
"Greig, A W",656
"Greig, I A",1988
"Grell, M G",657
"Grieve, B A F",658
"Grieveson, R E",659
"Griffin, G M",660
"Griffith, A F G",2088
"Griffith, C C",661
"Griffith, H C",662
"Griffith, S C",663
"Grimmett, C V",664
"Gripper, T R",2189
"Groenewald, Z",5143
"Groube, T U",665
"Grout, A T W",666
"Gruitjers, T J G",3761
"Guard, G M",667
"Gudhka, R D",3892
"Guest, C E J",668
"Guha, S",669
"Guillen, S C",670
Gul Mahomed,1062
Gulbadin Naib,3877
"Gunaratne, D A S",4532
"Gunaratne, P W",3034
"Gunasekera, R",3589
"Gunathilaka, M D",4487
"Gunawardene, A A W",2703
"Gunawardene, D A",2175
"Guneratne, R P W",673
"Gunn, G",674
"Gunn, J R",675
"Gunn, W",676
"Gupta, K",5598
"Gupta, S K",2704
"Gupte, B P",677
"Gupte, S P",678
"Guptill, M J",3633
Gurdeep Singh,4241
Gurkeerat Singh,4212
"Gurney, H F",4307
Gursharan Singh,1606
"Guruge, A M",4259
"Gurusinha, A P",679
"Guy, J W",680
Haafiz Shahid,2705
"Habib, A",2181
Habib Ahmadzai,5421
Habib Deldar,5545
Habibul Bashar,2235
"Haddin, B J",2707
"Hadlee, B G",2708
"Hadlee, D R",681
"Hadlee, R J",682
"Hadlee, W A",683
Hafez Mohammed Farooq,5605
Hafizur Rahman,2709
"Haider, A",5564
"Haig, N E",685
"Haigh, S",686
"Haire, R S",3584
"Hairs, O J",3808
"Hald, O D",5242
"Hales, A D",3887
"Hall, A E",687
"Hall, A J",2710
"Hall, G G",688
"Hall, J D",3802
"Hall, W W",689
"Hallett, S",5602
"Halliwell, E A",690
"Hallows, C",691
"Halse, C G",692
Hamed Khan,5783
"Hameed, H",4604
"Hamence, R A",693
Hamid Hashemi,5798
Hamid Hassan,3672
"Hamilton, G M",2199
"Hamilton, J N",5402
"Hamilton, L J",3272
Hammad Azam,3860
"Hammond, J R",695
"Hammond, W R",696
"Hampshire, J H",697
"Hamza, Z",4839
Hamza Dar,5353
Hamza Tahir,4789
Hamza Tariq,3873
"Hands, P A M",698
"Hands, R H M",699
"Handscomb, P S P",4558
Hanif Mohammad,1196
"Hanley, M A",700
Hannan Sarkar,3026
"Hansra, A S",3801
Hanumant Singh,1611
"Haq, R M",3450
Harbhajan Singh,2138
Hardev Singh,5592
"Hardikar, M S",701
"Hardinge, H T W",702
"Hardstaff, J",704
"Hardstaff, J",703
"Harford, N S",705
"Harford, R I",706
Harilal Shah,2712
Haris Rauf,5771
Haris Sohail,4225
"Harmer, S R",4372
"Harmison, S J",3037
Haroon Arshad,5505
Haroon Mughal,5011
Haroon Rashid,1442
"Harper, R A",707
"Harrington-Myers, L H B",5392
"Harris, C Z",708
"Harris, J V",3085
"Harris, K C",5547
"Harris, L",712
"Harris, M S",4837
"Harris, P G Z",709
"Harris, P L",3453
"Harris, R J",3638
"Harris, R M",710
"Harris, T A",711
"Harry, J",713
"Hart, M N",1975
"Hart, R G",3020
"Hart, R T",2713
"Hartigan, G P D",714
"Hartigan, R  M",715
"Hartkopf, A E V",716
"Hartland, B R",717
"Hartley, J C",718
Harun-Ur-Rashid,2714
"Harvey, I J",2715
"Harvey, M R",719
"Harvey, R L",720
"Harvey, R N",721
Harvinder Singh,2133
"Harwood, S M",3662
"Hasa, V",5556
Hasan Ali,4579
Hasan Jamil,2716
Hasan Mahmud,5842
Hasan Raza,2071
Haseeb Ahsan,26
Haseeb Amjad,4279
Hasheem Shahzad,5012
Hashmatullah Shahidi,4239
Hasibul Hussain,2241
"Haslam, M J",722
Hassan Khan Mohammad,5816
Hassan Rasheed,4882
"Hassett, A L",725
Hasti Gul,3670
"Hastings, B F",726
"Hastings, J W",3831
"Hatchman, R J",5647
"Hathorn, C M H",727
"Hathurusingha, U C",728
"Hauptfleisch, C",5372
"Hauritz, N M",3016
"Hawke, Lord",730
"Hawke, N J N",729
"Hawkins-Kay, A W",5196
Hayatullah Niazi,5225
"Hayden, M L",1976
"Hayes, E G",731
"Hayes, F C",732
"Hayes, J A",733
"Hayes, R L",2717
"Haynes, D L",734
"Haynes, R C",2718
"Hayward, M",2202
"Hayward, T W",735
"Hazare, V S",736
"Hazlewood, J R",3799
"Hazlitt, G R",737
Hazratullah Zazai,4615
"Head, T M",4386
"Headley, D W",2101
"Headley, G A",738
"Headley, R G A",739
"Healy, I A",740
"Heaney, S P",3363
"Hearne, A",741
"Hearne, F",747
"Hearne, G A L",742
"Hearne, G G",743
"Hearne, J T",744
"Hearne, J W",745
"Heazlett, S D",4643
"Hegg, W K",2160
"Heggelman, T J",3818
"Heine, P S",748
"Hekure, R",5482
"Helva, H",5425
"Hemmings, E E",749
"Hemp, D L",3441
"Hemraj, C",4821
"Henderson, C W",2985
"Henderson, M",750
"Henderson, T",3679
"Hendren, E H",751
"Hendrick, M",752
"Hendricks, B E",4273
"Hendricks, R R",4340
"Hendriks, J L",753
"Hendry, H S T",754
"Hennessy, P D",5016
"Henriques, M C",3680
"Henry, C C",2719
"Henry, M J",4257
"Henry, O",755
"Herath, H M R K B",2185
"Hermida, L",5566
"Heron, J G",2720
"Heseltine, C",756
"Hetmeyer, S O",4681
"Hettiarachchi, D",2957
"Heyliger, D",5369
"Heyn, P D",2721
"Hibbert, P A",757
"Hick, G A",758
"Higgins, R S",3347
"Higgs, J D",759
"Higgs, K",760
Hilal Ahmad,5455
"Hilditch, A M J",761
"Hilfenhaus, B W",3455
"Hill, A",762
"Hill, A J L",763
"Hill, C",764
"Hill, J",4972
"Hill, J C",765
"Hilton, M J",766
"Hime, C F W",767
"Hindlekar, D D",768
"Hinds, R O",3004
"Hinds, W W",2216
"Hira, R M",3937
Hirenkumar Patel,5593
"Hiri, H",4529
"Hirschi, J",5007
"Hirst, G H",769
"Hirugade, S",5039
"Hirwani, N D",770
"Hitch, J W",771
"Hitchcock, P A",3021
"Hoad, E L G",772
"Hoare, D E",773
"Hobbs, J B",774
"Hobbs, R N S",775
"Hodge, B J",3330
"Hodges, J H",776
"Hodsoll, K C",3512
"Hoffmann, P J C",3403
"Hogan, T G",777
"Hogg, G B",2068
"Hogg, R M",778
"Hogg, V R",2722
"Hoggard, M J",2224
"Hohns, T V",779
"Holder, J O",3998
"Holder, R I C",2093
"Holder, V A",780
"Holding, M A",781
"Hole, G B",782
"Holford, D A J",783
"Holland, I G",5759
"Holland, J M",4573
"Holland, R G",784
"Hollies, W E",785
"Hollioake, A J",2105
"Hollioake, B C",2106
"Hollis, D W",3587
"Holmes, E R T",786
"Holmes, P",787
"Holt, J K",788
"Hondo, D T",2984
"Hone, L",789
"Hongsi, S",5285
"Hookes, D W",790
"Hooper, C K",3508
"Hooper, C L",791
"Hooper, D R",5209
"Hope, K A",4695
"Hope, S D",4417
"Hopes, J R",3273
"Hopkins, A J Y",792
"Hopkins, G J",3177
"Hopwood, J L",793
"Hoque, Z",5261
"Horan, T P",794
"Hordern, H V",795
"Hornby, A N",796
"Horne, M J",2091
"Horne, P A",797
"Hornibrook, P M",798
"Horton, M J",799
"Hough, K W",800
"Houghton, D L",801
"How, J M",3336
"Howard, A B",802
"Howard, N D",803
"Howarth, G P",804
"Howarth, H J",805
"Howell, H",806
"Howell, L G",2723
"Howell, W P",807
"Howorth, R",808
"Huckle, A G",2109
"Hudson, A C",809
"Hughes, K J",810
"Hughes, M G",811
"Hughes, P J",3647
Humayun Farhat,2958
"Humpage, G W",2724
"Humphries, J",812
"Hunt, W A",813
"Hunte, C C",814
"Hunte, E A C",815
"Hunter, J",816
"Hunter, M G",5644
"Huo, J J",5710
"Hurdle, K A D",3380
"Hurley, J",5579
"Hurley, R O",3120
"Hurst, A G",817
"Hurwood, A",818
"Husain, A",5578
"Hussain, N",823
"Hussain, R O",3420
Hussain Talat,4746
"Hussey, D J",3595
"Hussey, M E K",3160
"Hutchings, K L",824
"Hutchinson, E H",4961
"Hutchinson, P",825
"Hutton, L",826
"Hutton, R A",827
"Hyatt, D P",3858
"Hyde, G M",5047
"Hylton, L G",828
"Ibrahim, K C",830
Ibrahim Hassan,4885
Ibrahim Khan,4916
Ibrahim Nashath,4888
Ibrahim Rizan,4913
Ibrahim Zadran,5471
Ibrarul Haq,4875
"Iddon, J",831
"Ifill, A F",5377
"Ifill, N",3096
Iftikhar Ahmed,4488
Iftikhar Anjum,3231
"Igglesden, A P",832
Ihsanullah,4651
Ihyas Sawmy,5315
Ijaz Ahmed,2034
Ijaz Ahmed,15
Ijaz Butt,272
Ijaz Faqih,523
Ijaz Hussain,5404
"Ikin, J T",833
Ikram Ali Khil,4928
"Illingworth, R",834
"Illingworth, R K",835
"Ilott, M C",836
Ilyas Ahmed,5292
Ilyas Gul,3187
Imad Wasim,4423
Imam-ul-Haq,4706
Imran Abbas,2725
Imran Ali,4900
Imran Ali Butt,4857
Imran Anwar,4864
Imran Ashraf,5513
Imran Bulbulia,5070
Imran Butt,5812
Imran Farhat,2260
Imran Haider,5406
Imran Haider,4617
Imran Ismail,5706
Imran Khan,4333
Imran Khan,928
Imran Khan,4622
Imran Khan,5634
Imran Nazir,2174
Imran Tahir,3850
Imran Yousaf,5810
Imrul Kayes,3617
Imtiaz Abbasi,2726
Imtiaz Ahmed,16
"Inampud, R K",5044
Inam-ul-Haq,4904
"Indrajitsinhji, K S",838
"Ingram, C A",3823
"Ingram , P J",3754
"Innes, A R",839
"Insole, D J",840
Intikhab Alam,31
"Inverarity, R J",841
Inzamam-ul-Haq,1794
"Iqbal, M M",3655
"Iqbal, T",2727
Iqbal Hussain,4911
"Iqbal Qasim, M",1410
Iqbal Sikander,2728
"Irani, J K",843
"Irani, R C",2057
"Iredale, F A",844
"Ireland, A J",3318
Irfan Ahmed,3564
Irfan Bhatti,2729
Irfan Bhima,5728
Irfan Fazil,2215
Irfan Mir,5599
Irfan Sajid,4451
"Ironmonger, H",845
"Ironside, D E J",846
"Irvine, B L",847
"Isaneez, E",5153
Ishtiaq Muhammad,4519
Ismail Sardar,5837
Ismat Ullah,5583
Israr Ali,41
"Ivanov, B",5682
"Ivanov, H",5686
"Iverson, J B",849
"Iyer, S S",4387
Izatullah Dawlatzai,3828
"Jack, S D",2010
"Jackman, R D",850
"Jackson, A A",851
"Jackson, F S",852
"Jackson, H L",853
"Jacobs, D F",5257
"Jacobs, R D",2154
"Jadeja, A",854
"Jadeja, R A",3644
"Jadhav, K M",4033
"Jaffer, W",2208
"Jaggernauth, A S",3548
Jagjit Singh,5604
Jahangir Alam,2730
"Jahangir Khan, M",856
Jahangir Shah,2731
Jahurul Islam,3777
"Jai, L P",857
"Jaisimha, M L",858
"Jakiel, D",5495
Jalaluddin,859
Jamaluddin Ahmed,3142
"James, K C",860
"James, S P",2145
"James, W R",1993
"Jameson, J A",861
"Jamieson, K A",5774
"Jamil, S",5100
"Jamshedji, R J D",862
"Jamtsho, T",5743
Janak Prakash,5335
Jandu Hamoud,4918
"Janes, N A",5284
"Jansen, F",2732
"Jaques, P A",3335
"Jardine, D R",863
"Jarman, B N",864
"Jarvis, A H",865
"Jarvis, K M",3733
"Jarvis, M P",866
"Jarvis, P W",867
"Jarvis, T W",868
Jasdeep Singh,4958
Jaspreet Singh,5220
Jatinder Singh,4464
Javed Ahmadi,3813
Javed Akhtar,27
Javed Burki,260
Javed Maroofkhail,5229
Javed Miandad,1169
Javed Omar,2733
Javed Qadeer,2734
Jawahir Shah,2735
Jay Odedra,4856
"Jayantha, W S",3163
"Jayantilal, K",870
"Jayaprakashdaran, P S",3292
"Jayasekera, R S A",871
"Jayasinghe, C U",3742
"Jayasinghe, S A",2736
"Jayasundera, M D U S",4508
"Jayasuriya, G S N F G",4475
"Jayasuriya, N G R P",4805
"Jayasuriya, S T",872
"Jayawardene, D P M D",2104
"Jayawardene, H A P W",2225
"Jayeshbai Patel, P",5085
"Jeganathan, S",873
"Jenkins, R O",874
"Jenner, J W",5192
"Jenner, T J",875
"Jennings, C B",876
"Jennings, K K",4610
"Jeremy, K C B",2737
"Jesani, J S",3681
"Jessop, G L",877
"Jesty, T E",2738
"Jethi, K",3603
Joginder Sharma,3244
"John, V B",878
"Johnson, C L",879
"Johnson, D",2067
"Johnson, H H H",880
"Johnson, H R",3221
"Johnson, I W",881
"Johnson, L J",882
"Johnson, L R",3609
"Johnson, M G",3334
"Johnson, M R",3212
"Johnson, N C",2157
"Johnson, R L",3121
"Johnson, T F",883
"Johnston, D T",3385
"Johnston, W A",884
"Jojo, J",5243
"Jones, A",4957
"Jones, A H",885
"Jones, A O",886
"Jones, C E L",887
"Jones, D M",888
"Jones, E",889
"Jones, G O",3165
"Jones, I J",890
"Jones, M A",4723
"Jones, M O",3440
"Jones, N G",3803
"Jones, P E",892
"Jones, R A",3152
"Jones, S P",893
"Jones, S P",3028
"Jongwe, L M",4319
"Jonker, C",4740
"Jonkman, M B S",3444
"Jonkman, M M A",3495
"Jora, S",4845
"Jordaan, H J",5259
"Jordan, C J",4238
"Joseph, A S",4575
"Joseph, D",3086
"Joseph, D R E",2173
"Joseph, G J",5055
"Joseph, S C",2739
"Joshi, K",5416
"Joshi, P G",894
"Joshi, S B",2053
"Joslin, L R",895
"Joyce, D I",3386
"Joyce, E C",3393
Jubair Hossain,4334
"Julian, B P",897
"Julien, B D",896
"Jumadeen, R R",898
Junaid Aziz,5811
Junaid Khan,3855
Junaid Sheikh,5230
Junaid Siddique,3517
Junaid Siddique,5532
Junaid Siddiqui,3874
Junaid Zia,3135
"Jupp, H",899
"Jupp, V W C",900
"Jurangpathy, B R",901
"Jyoti, S",3430
Kabir Ali,3127
Kabir Khan,2001
"Kaia, R",4426
"Kaif, M",2213
"Kalavitigoda, S",3277
"Kale, A V",3110
Kaleem Shah,5708
Kaleemullah,4628
"Kallicharran, A I",903
"Kallis, J H",2043
"Kalpage, R S",1969
"Kaltongga, G",4976
"Kaluperuma, L W",904
"Kaluperuma, S M S",905
"Kaluwitharana, R S",906
"Kamande, J K",2740
"Kambli, V G",908
Kamran Akmal,3056
Kamran Hussain,3522
Kamran Khan,4901
Kamran Shahzad,4260
Kamrul Islam Rabbi,4597
"Kamungozi, T",3438
"Kamunhukamwe, T S",4804
"Kamyuka, K",4232
"Kandamby, S H T",3172
"Kandappah, A L",3505
"Kane, T E",4433
"Kaneria, D",2252
"Kanhai, R B",909
"Kanitkar, H H",2204
"Kanitkar, H S",910
"Kansonkho, D",5716
"Kansonkho, G",5721
"Kansoy, S",5432
Kapil Dev,443
"Kapoor, A R",2009
"Kapugedera, C K",3340
Karan KC,4441
"Kardar, A H",911
"Karg, M",3073
"Karim, A Y A",2741
"Karim, I A",3893
"Karim, S",2244
Karim Janat,4611
Karim Sadiq,3664
"Karki, B",5838
"Karn, A",4442
"Karnain, S H U",2742
"Karthik, K D",3210
"Kartik, M",2209
"Karunaratne, C",4847
"Karunaratne, F D M",3871
Karweng NG,4967
Kashif Raza,2965
"Kasprowicz, M S",2076
"Kasteni, F",3462
"Kasuza, K T",5767
"Katchay, E",3590
"Katich, S M",2743
"Katzarski, I",5684
"Kaul, S",4034
"Kaushal, P H T",4367
"Kaveri, S",5040
"Kayondo, H B",5147
"Keeton, W W",912
"Kegasitswe, D",5383
"Keith, H J",913
"Kelleway, C E",914
"Kelly, J J",915
"Kelly, S K W",3442
"Kelly, T J D",916
"Kemp, J M",2258
"Kempis, G A",917
"Kendall, T",918
"Kenjige, N P",5762
"Kennedy, A S",919
"Kennedy, R J",2048
"Kenny, R B",920
"Kent, J C",3018
"Kent, M F",921
"Kentish, E S M",922
"Kenyon, D",923
"Kerai, P",5120
"Kerr, J L",924
"Kerr, R B",925
"Kerrigan, S C",4229
"Kervezee, A N",3408
"Keshvani, S",3705
"Keulder, D",3071
"Key, R W T",3036
"Khadka, P",4293
Khaibar Deldar,5540
"Khakurel, S P",4286
Khaled Ahmed,4833
Khaled Mahmud,2744
Khaled Mashud,2239
Khalid Hasan,723
Khalid Ibadulla,829
Khalid Khan,3191
Khalid Latif,3524
Khalid Wazir,1874
Khaliq Dad,3671
"Khan, A",3650
"Khan, I",3653
"Khan, Z",2245
Khan Mohammad,1197
"Khanna, N",5008
"Khanna, S C",2745
"Khawaja, U T",3842
Khawar Ali,4462
Khawar Zafar,5821
"Kheterpal, A",5543
Khizar Hayat,5782
Khizer Ahmed,5226
"Khoda, G K",2746
"Khosla, N",5003
"Khumalo, B",5387
"Khurasiya, A R",2747
Khurram Chohan,3661
Khurram Khan,3196
Khurram Manzoor,3527
Khurram Nawaz,4629
Khurram Shahzad,5777
Khushdil Shah,5663
"Kiani, J H",4962
"Kidd, G E",3484
"Kieswetter, C",3768
"Kila, J",4741
"Killick, E T",936
"Kilner, R",937
"Kimber, T C R",5232
"King, B A",5665
"King, C L",938
"King, F M",939
"King, J H",940
"King, L A",941
"King, R D",2165
"Kingma, V J",4255
"Kinneir, S",942
"Kippax, A F",943
"Kirmani, S M H",944
"Kirsten, G",945
"Kirsten, P N",946
"Kirtley, R J",2987
"Kirton, N R",5555
"Kischenchand, H G",947
"Kitchen, A K",4720
"Kizilkaya, S",5428
"Klaasen, H",4731
"Klaassen, F J",4794
"Klein, D",5840
"Kleinveldt, R K",3682
"Kline, L F",948
"Klinger, M",4202
"Kloppenburg, J F",3047
"Klusener, L",2081
"Knight, A E",949
"Knight, B R",950
"Knight, D J",951
"Knight, N V",2027
"Knott, A P E",952
"Knowles, E B",5457
"Knox, N A",953
"Koc, M F",5469
"Koen, L J",2748
"Kohli, V",3600
"Kose, A C",5431
"Kotze, B L",3078
"Kotze, D B",3074
"Kotze, J J",954
"Kotze, J P",5025
"Krejza, J J",3625
"Kripal Singh, A G",955
"Krishna, A",5336
Krishna Chandran,4304
"Krishnamurthy, P",956
"Kruger, B P",3810
"Kruger, C K",3565
"Kruger, G J",3337
"Kruger, N",3866
"Kuggeleijn, C M",957
"Kuggeleijn, S C",4685
"Kuhn, H G",3738
"Kuiper, A P",958
"Kulasekara, C K B",3921
"Kulasekara, K M D N",3147
"Kulatunga, H G J",3683
Kuldeep Lal,5001
Kuldeep Singh,4963
Kuldeep Yadav,4652
"Kulkarni, D S",4066
"Kulkarni, N M",2103
"Kulkarni, R R",959
"Kulkarni, U N",960
"Kumar, B",3991
"Kumar, N R",3764
"Kumar, P",3514
"Kumar, R",5411
"Kumar, V V",961
"Kumara, C B R L S",4599
"Kumara, I G T R",5800
"Kumaran, T A S",2749
"Kumaranayaka, U K P W",4898
"Kumble, A",962
"Kunderan, B K",963
"Kundi, J S",5531
"Kuruppu, D S B",964
"Kuruppuarachchi, A K",965
"Kuruvilla, A",2094
Kushal Malla,5484
"Kuys, F",966
Kwame Tucker,3376
"Labrooy, G F",967
"Labuschagne, M",4816
"Laegsgaard, N D",5234
"Lagos, A",5703
"Laird, B M",968
"Laker, J C",969
"Lakmal, R A S",3745
"Lakov, H",5680
"Lakshitha, M K G",3029
"Lalcheta, A V",4499
Lall Singh,1607
"Lama, S B",3189
"Lamb, A J",971
"Lamb, G A",3770
"Lamba, R",972
"Lambert, C B",973
"Lamichhane, S",4757
"Lamsam, J P R",3185
"Lance, H R",974
"Langa, T",5503
"Langer, J L",975
"Langeveldt, C K",2991
"Langford-Smith, D",3387
"Langley, G R A",976
"Langridge, J",977
"Langton, A B C",978
"Lankathilaka, S",5525
"Lara, B C",979
"Lark, A",5414
"Larkins, W",980
"Larsen, G R",1991
"Larter, J D F",981
"Larwood, H",982
"Lashley, P D",983
"Latham, R T",984
"Latham, T W M",3932
"Lathwell, M N",985
"Laughlin, B",3657
"Laughlin, T J",987
"Laver, F",988
"Law, S G",2040
"Lawrence, D V",989
"Lawrence, G B",990
"Lawry, W M",991
"Lawson, G F",992
"Lawson, J J C",3003
"Laxman, V V S",2079
"Le Roux, F L",993
"Le Tissier, L C",5208
"Leach, M J",4744
"Leadbeater, E",994
"Leask, M A",4222
"Lee, B",2205
"Lee, H W",995
"Lee, P K",996
"Lee, S",2750
"Lees, W K",998
"Lees, W S",997
"Lefebvre, R P",2751
"Legall, R",999
"Leggat, I B",1000
"Leggat, J G",1001
"Legge, G B",1002
"Lehmann, D S",2139
"Leie, E",4449
"Leslie, C F H",1003
"Lever, J K",1004
"Lever, P",1005
"Leverock, K S",5355
"Leverock, R D M",3368
"Leveson Gower, H D G",1006
"Levett, W H V",1007
"Levi, R E",3939
"Lewis, A R",1008
"Lewis, C C",1009
"Lewis, D M",1010
"Lewis, E",4538
"Lewis, J",3281
"Lewis, M L",3333
"Lewis, P T",1011
"Lewis, R N",2122
"Lewis, S H",4815
"Leyland, M",1012
Liaqat Ali,42
"Liebenberg, G F J",2141
"Lillee, D K",1013
"Lilley, A F A",1014
"Lillywhite, J",1015
"Linde, G F",5550
"Lindsay, D T",1016
"Lindsay, J D",1017
"Lindsay, N V",1018
"Lindwall, R R",1019
"Ling, W V S",1020
"Lisboa, I",5623
"Lissette, A F",1021
Liton Das,4430
"Little, J B",4584
"Livingstone, L S",4692
"Liyanage, C A",5282
"Liyanage, D K",1022
"Liyanage, I",5776
"Liyanage, N C K",5276
"Liyanaye, NG",5546
"Llewellyn, C B",1023
"Lloyd, C H",1024
"Lloyd, D",1025
"Lloyd, G D",2752
"Lloyd, T A",1026
"Loader, P J",1027
"Lock, A C I",2036
"Lock, G A R",1028
"Lockhart, D R",3405
"Lockwood, W H",1029
"Loday, K",5754
"Logie, A L",1030
"Lohmann, G A",1031
"Lokuarachchi, K S",3104
"Long, J",4986
"Lonsdale, C H",3494
"Loots, B P",3815
"Loudon, A G R",3397
"Louw, J",3624
"Louw, J L",3077
"Louwrens, L",5396
"Love, H S B",1032
"Love, J D",2753
"Love, M L",3066
"Loveridge, G R",2047
"Lowry, T C",1033
"Lowson, F A",1034
"Loxton, S J E",1035
"Loye, M B",3456
"Lubbers, S W",2754
"Lucas, A P",1036
"Luckhurst, B W",1037
Lucky Ali,5312
"Lumb, M J",3781
"Lundie, E B",1038
"Lungameni, T",5144
"Luseno, A S",3103
"Lynch, M A",2755
"Lynn, C A",4108
"Lyon, N M",3885
"Lyons, J J",1039
"Lyons , R T",3404
"Lyth, A",4422
"Lyttelton, A",1040
M Sohel Patel,5084
"Macartney, C G",1041
"Macaulay, G G",1042
"Macaulay, M J",1043
"MacBryan, J C W",1044
"MacGibbon, A R",1045
"MacGill, S C G",2126
"MacGregor, G",1046
"Machan, M W",4006
"Mackay, A J",2756
"Mackay, K D",1047
"MacKinnon, F A",1048
"MacLaren, A C",1049
"Maclean, J A",1050
"MacLeay, K H",2757
"MacLeod, C S",3606
"MacRae, N J",3398
"Madan Lal, S",1051
"Maddinson, N J",4244
"Maddocks, L V",1052
"Maddy, D L",2183
"Madhevere, W N",5830
"Madondo, T N",2134
"Madray, I S",1053
"Madugalle, R S",1054
"Madurasinghe, A W R",1055
"Madushanka, D S K",4728
"Madushanka, L D",4644
"Madziva, N",4320
Mafizur Rahman,2758
"Magar, R P",4358
"Maguire, J N",1056
"Mahajan, R",4965
"Mahanama, R S",1057
"Maharaj, K A",4601
"Maharoof, M F",3171
Mahbubul Alam,3623
Mahbubur Rahman,2759
Mahedi Hasan,4737
"Maher, J P",2760
Mahmad Data,5078
"Mahmood, S",5658
"Mahmood, S I",3179
Mahmood Hamid,2761
Mahmood Hussain,822
Mahmudullah,3488
"Mahoney, C",5611
"Mahwire, N B",3055
"Maiden, G I",3684
"Mailata, B F",5302
"Mailey, A A",1063
"Main, G T",4438
"Maiolo, N A",5182
"Maisuria, D",5168
Majid Khan,929
"Maka, E S",1064
"Makepeace, J W H",1065
"Makesh, A",4899
"Malan, D J",4694
"Malan, J N",4848
"Malan, P J",5764
"Malcolm, D E",1066
"Malhotra, A",1067
"Malhotra, J S",4952
"Malinda, W J",5283
"Malinga, S L",3178
"Malla, G",4287
"Mallender, N A",1071
"Mallett, A A",1072
"Malone, M F",1073
Mamoon Latif,5102
"Manan, G",5403
"Manani, D",5448
"Mandal, A K",4447
Mandeep Singh,4046
"Mandhyan, H V",5542
"Mandy, M S S",5591
Maninder Singh,1608
"Manjrekar, S V",1074
"Manjrekar, V L",1075
Manjural Islam,2762
Manjural Islam Rana,3143
"Mankad, A V",1076
"Mankad, M H",1077
"Mann, A L",1078
"Mann, F G",1079
"Mann, F T",1080
"Mann, N B F",1081
"Manning, P",5376
"Manou, G A",3719
"Manousis, A",5689
Manpreet Singh,5180
Manpreet Singh,5333
"Mansale, A",4974
"Mansell, P N F",1082
Mansoor Akhtar,28
Mansoor Amjad,3580
Mansoor Rana,2763
"Mantri, M K",1083
Manzoor Akhtar,2764
Manzoor Elahi,503
Maqsood Ahmed,17
Maqsood Rana,2765
"Maraj, I",3087
"Maregwede, A",3154
"Marillier, D A",2257
"Markande, M",4772
"Markham, L A",1084
"Markram, A K",4701
"Marks, D",5014
"Marks, V J",1085
"Marr, A P",1086
"Marriott, C S",1087
"Marsh, G R",1088
"Marsh, M R",3912
"Marsh, R W",1089
"Marsh, S E",3561
"Marshall, C A",2766
"Marshall, H J H",2254
"Marshall, J A H",3271
"Marshall, M D",1090
"Marshall, N E",1091
"Marshall, O M",5610
"Marshall, R E",1092
"Marshall, X M",3269
Marshall Ayub,4242
"Martel, J L",5248
"Martin, A",3861
"Martin, B P",4011
"Martin, C S",2248
"Martin, F",1094
"Martin, F R",1093
"Martin, G C",2767
"Martin, J J",2768
"Martin, J W",1095
"Martin, J W",1096
"Martin, P J",2023
"Martindale, E A",1097
"Martyn, D R",1098
"Maruma, T",3498
"Marx, W F E",1099
"Masaba, B",5178
"Masakadza, H",2977
"Masakadza, S W",3769
"Masakadza, W P",4482
"Mascarenhas, A D",3478
"Mashinge, W T",5496
Mashrafe Mortaza,2995
"Mason, J R",1100
"Mason, M J",3150
Masood Anwar,80
Masood Iqbal,2769
Masood Jayezeh,5788
"Massiah, S J",3214
"Massie, H H",1102
"Massie, R A L",1103
"Master, I",5160
"Master, N",5165
"Masvaure, P S",4572
"Matambanadzo, E",2073
"Matautaava, P K",5310
Mateen Ur Rehman,5806
"Matheson, A M",1104
"Mathews, A D",3628
"Mathias, W",1105
"Mathieson, A W",4439
"Mathurin, G E",3906
"Matsikenyeri, S",3059
"Matsinhe, Z E",5715
"Matthews, A D G",1106
"Matthews, C D",1107
"Matthews, C R",1108
"Matthews, G R J",1109
"Matthews, T J",1110
"Mattis, E H",1111
"Mauricette, B M",2770
"Mavuta, B A",4800
"Mawoyo, T M K",3448
"Maxwell, D E S",3378
"Maxwell, G J",3969
"May, P B H",1112
"May, T B A",1113
"Maynard, M P",1114
"Mayne, E R",1115
"Mayne, L C",1116
Mazhar Hussain,2771
Mazharul Haque,3046
"Mbangwa, M",2074
"Mbazo, V",5384
"McAlister, P A",1117
"McAuslan, C",4639
"McBrine, A R",4294
"McCabe, S J",1118
"McCague, M J",1119
"McCallan, W K",3388
"McCallum, N F I",3401
"McCann, R D",3804
"McCarter, G J",4329
"McCarthy, A M",4797
"McCarthy, B J",4563
"McCarthy, C N",1120
"McClenaghan, M J",3984
"McCollum, J A",4926
"McConnon, J E",1121
"McCool, C L",1122
"McCormick, E L",1123
"McCosker, R B",1124
"McCoy, O C",4825
"McCullum, B B",3008
"McCullum, N L",3685
"McCurdy, R J",2772
"McDermott, B R",4824
"McDermott, C J",1125
"McDonald, A B",3632
"McDonald, C C",1126
"McDonald, E A",1127
"McDonnell, P S",1128
"McEwan, P E",1129
"McGahey, C P",1130
"McGain, B E",3654
"McGarrell, N C",2773
"McGirr, H M",1131
"McGlashan, P D",3651
"McGlew, D J",1132
"McGrath, A",3118
"McGrath, G D",1133
"McGregor, S N",1134
"McIlwraith, J",1135
"McIntosh, T G",3629
"McIntyre, A J W",1136
"McIntyre, P E",2014
"McKay, A J",3758
"McKay, C J",3735
"McKechnie, B J",2774
"McKechnie, S S",4715
"McKenzie, G D",1137
"McKenzie, N D",2227
"McKibbin, T R",1138
"McKinnon, A H",1139
"McLaren, J W",1140
"McLaren, R",3736
"Mclaughlin, Z",5394
"McLean, N A M",2127
"McLean, R A",1141
"Mcleod, C E",1142
"McLeod, E G",1143
"McLeod, H",2775
"McLeod, R W",1144
"McMahon, T G",1145
"McMaster, J E P",1146
"McMillan, B M",1147
"McMillan, C D",2118
"McMillan, Q",1148
"McMorris, E D A",1149
"McRae, D A N",1150
"McShane, P G",1151
"McSweeney, E B",2776
"McWatt, C A",1152
Md Nurul Huda,5327
Md Shafiqul Haque,5264
"Mead, C P",1153
"Mead, W",1154
"Meade, G P S",5188
"Meade, M",5622
"Meaker, S C",3917
"Meale, T",1155
"Meckiff, I",1156
"Meears, A",5560
"Mees, J",5465
Meet Bhavsar,4897
"Meherhomji, K R",1157
Mehidy Hasan Miraz,4598
"Mehmi, A S",5692
"Mehmood, A",4535
Mehmood Quaraishy,2777
"Mehra, V",2778
"Mehra, V L",1158
Mehrab Hossain,2234
Mehrab Hossain,3439
Mehran Dorri,5818
Mehran Khan,4467
Mehran Siasar,5828
"Mehta, P S",2779
"Meintjes, D J",1159
"Meiyappan, K P",5758
"Mejia, D",5064
"Melle, M G",1160
"Melville, A",1161
"Meman, M A",2780
"Mendis, B A W",3545
"Mendis, B K G",4485
"Mendis, B M A J",3787
"Mendis, L R D",1162
"Mendis, M C",2781
"Mendis, P H K D",4827
"Mendon, K",5458
"Mendonca, I L",1163
"Mennie, J M",4595
"Mensah, J H",5136
"Merchant, V M",1164
"Merritt, W E",1165
"Merry, C A",1166
"Meschede, C A J",5233
"Meth, K O",3342
"Meuleman, K D",1167
"Meuli, E M",1168
"Mhambrey, P L",2054
Mian Mehmood,5630
"Michael, A J",5303
"Michael, D P",5301
Michael Nazir,5018
"Middleton, J",1170
"Midwinter, W E",1171
Mihusan Hamid,4914
"Milburn, B D",1173
"Milburn, C",1174
"Miles, E J B",5200
"Milkha Singh, A G",1175
"Miller, A M",1176
"Miller, C R",2150
"Miller, D A",3783
"Miller, G",1177
"Miller, K R",1178
"Miller, L S M",1179
"Miller, N O",3597
"Miller, R S",1180
"Milligan, F W",1181
"Millman, G",1182
"Millmow, J P",2782
"Mills, C",1183
"Mills, J E",1184
"Mills, K D",2966
"Mills, T S",4567
"Milne, A F",3839
"Milton, C A",1185
"Milton, W H",1186
Minhajul Abedin,2783
"Minnett, R B",1187
"Minors, D A",3369
Mir Hamza,4820
Miran Bakhsh,275
"Mire, S F",4354
Mirwais Ashraf,3727
Mirza Ahsan,5418
Misbah-ul-Haq,2262
"Mishra, A",3108
"Mishra, P",5678
"Mishra, T",3345
"Misson, F M",1188
"Mitchell, A",1189
"Mitchell, B",1190
"Mitchell, D J",4850
"Mitchell, F",1193
"Mitchell, T B",1191
"Mitchell-Innes, N S",1194
"Mithun, A",3767
"Modi, H S",2784
"Modi, R S",1195
"Modise, K",5158
"Mogan, D",5815
Mohamed Arief,5489
Mohamed Azzam,4884
Mohamed Mahfooz,4886
Mohamed Rishwan,4881
Mohameed Taiwo,5170
Mohammad Abbas,4683
Mohammad Adnan,4877
Mohammad Ahsan,5291
Mohammad Akram,2033
Mohammad Amin,4893
Mohammad Amir,3698
Mohammad Ashraful,2964
Mohammad Asif,3245
Mohammad Aslam,935
Mohammad Aslam,2785
Mohammad Ayaz,5826
Mohammad Ayub,3957
Mohammad Boota,4722
Mohammad Farooq,525
Mohammad Ghazanfar,5510
Mohammad Hafeez,3101
Mohammad Hasnain,4991
Mohammad Hussain,2072
Mohammad Ilyas,837
Mohammad Iqbal,3504
Mohammad Irfan,3821
Mohammad Ishaq,2786
Mohammad Kashif,3411
Mohammad Khalil,3240
Mohammad Mithun,4266
Mohammad Munaf,1232
Mohammad Nabi,3665
Mohammad Nadeem,4469
Mohammad Naim,5659
Mohammad Naveed,4305
Mohammad Nawaz,4536
Mohammad Qazi,3687
Mohammad Rafique,2240
Mohammad Ramzan,2114
Mohammad Rizwan,4412
Mohammad Saifuddin,4677
Mohammad Salim,3111
Mohammad Salman,3856
Mohammad Sami,2264
Mohammad Shahid,4416
Mohammad Shahzad,3728
Mohammad Shahzad,4306
Mohammad Talha,3649
Mohammad Tauqir,3199
Mohammad Wasim,2077
Mohammad Yousuf,2129
Mohammad Zahid,2083
"Mohammed, D",3158
"Mohammed, J N",3925
Mohammed Asghar,4892
Mohammed Nadeem,4909
Mohammed Nazir,1260
Mohammed Nurji,5729
Mohammed Qasim,4613
Mohammed Rizlan,4907
Mohammed Sameer,5827
Mohammed Shami,3993
Mohammed Sharif,2960
Mohammed Siraj,4675
"Mohan, A K",5320
"Mohanty, D S",2107
Mohibullah Paak,4010
Mohsin Hub,5606
Mohsin Kamal,907
Mohsin Khan,5785
Mohsin Khan,930
Moin Khan,931
Moin-Ul-Atiq,2787
"Moir, A M",1203
"Mol, G M C",3485
"Mol, H J",3048
"Mold, A W",1204
"Moloney, D A R",1205
Mominul Haque,3980
"Mommsen, P L",3797
"Mongia, D",2959
"Mongia, N R",1978
Moniruzzaman,3145
"Montfort, M R",5399
"Moody, T M",1206
"Mooketsi, M",5167
"Moon, L J",1207
"Mooney, F L H",1208
"Mooney, J F",3389
"Mooney, P J K",3390
"Moor, P J",4359
"More, K S",1209
"Morea, V V",4344
"Morgan, D W O",3370
"Morgan, E J G",3416
"Morgan, R W",1210
"Morkel, D P B",1211
"Morkel, J A",3162
"Morkel, M",3451
"Morley, F",1212
"Moroney, J A R",1213
"Morris, A",5381
"Morris, A R",1214
"Morris, C H",3989
"Morris, H",1215
"Morris, J E",1216
"Morris, S",1217
"Morrison, B D",1218
"Morrison, D K",1219
"Morrison, J F M",1220
Morshed Ali Khan,2788
"Mortimore, J B",1221
"Morton, R S",3012
Mosaddeck Hossain,4516
"Mosehle, M",4635
"Moseley, E A",1222
"Moses, H",1223
"Moses, J W N",5163
Mosharraf Hossain,3536
"Moss, A E",1224
"Moss, J K",1225
"Mothlhanka, K",5159
"Motz, R C",1226
"Moule, W H",1227
"Moxon, M D",1228
"Mpitsang, P V",2789
"Mpofu, C B",3237
"M'shangwe, N",3918
Muaviath Ghanee,4883
"Mubarak, J",3030
Mudassar Bukhari,3482
Mudassar Muhammad,5091
Mudassar Nazar,1258
"Muddiah, V M",1229
"Mudie, G H",1230
"Mudzinganyama, B S",5769
"Mufambisi, T V",3415
Mufasir-Ul-Haq,1795
Muhamad Syahadat,5272
Muhammad Amir,5502
Muhammad Ansar,5804
Muhammad Awais,5688
Muhammad Hamayun,4876
Muhammad Kaleem,4525
Muhammad Kashif,4894
Muhammad Khurram,5717
Muhammad Musa,5664
Muhammad Nadeem,4873
Muhammad Naeem,4871
Muhammad Rafique,4917
Muhammad Saleem,5580
Muhammad Tanveer,4906
Muhammad Usman,4526
Muhammad Wafiq,5491
Muhammed Asjed,5017
Muhammed Shanil,4618
Muhummad Younis,5822
"Muhumuza, D",5152
"Muirhead, J M",4256
Mujahid Jamshed,2790
Mujeeb Ur Rahman,4714
"Mukasa, R G",5148
"Mukherjee, S P",2791
"Mukhiya, J K",4288
Mukhtar Ahmed,4415
Mukhtiar Singh,5638
Muktar Ali,4517
"Mukuddem, S",3371
"Mukund, A",3864
"Mulder, J",4585
"Mulder, P W A",4707
"Mulivai, F F",5304
"Mulla, A A",3443
"Mulla, M",3480
"Mullally, A D",2056
"Muller, S A",2193
"Mumba, C T",4600
"Munasinghe, A M N",2792
"Munasinghe, G R D S",5185
"Munaweera, E M D Y",3972
"Munaweera, G B W",5288
"Muniandy, S",5277
Munir Dar,3566
Munir Malik,1069
"Munoz-Mills, C",5004
"Munro, C",3985
"Munsey, H G",4435
"Munton, T A",1233
"Munyonga, T T",5473
"Mupariwa, T",3173
"Murali, G",5059
"Muralitharan, M",1234
"Murari, S",5060
"Murdoch, W L",1235
"Murgatroyd, B G",3072
Murid Ekrami,5108
"Murphy, B A",2218
"Murphy, D",4007
"Murray, A R A",1237
"Murray, B A G",1238
"Murray, D A",1239
"Murray, D J",2006
"Murray, D L",1240
"Murray, J R",1242
"Murray, J T",1241
"Murray, R C",4802
"Murtagh, T J",3958
Musa Shaheen,5328
"Musakanda, T K",4608
Musawar Shah,5296
"Musgrove, H",1243
Mushfiqur Rahim,3279
Mushfiqur Rahman,2793
Mushtaq Ahmed,18
"Mushtaq Ali, S",43
Mushtaq Mohammad,1198
"Musiani, L A",5571
"Muslar, A K",5046
Muslim Yar,5099
Mustafizur Rahman,4414
"Mustard, P",3500
"Mutendera, D T",2230
"Muthusamy, S",5497
"Mutizwa, F",3639
"Mutombodzi, C T",4004
"Mutumbami, R",4019
"Muzarabani, B",4719
"Muzarabani, T",4459
"Mwamadi, M",5726
"Mwayenga, W",3061
"Myburgh, S J",3895
"Mylvaganam, G",2794
"Nadeem, S",4035
Nadeem Abbasi,4
Nadeem Ahmed,3206
Nadeem Ghauri,600
Nadeem Khan,932
Nader Zahadiafzal,5795
Nadif Chowdhury,3688
"Nadigotia, S",5447
"Nadkarni, R G",1244
Naeem Ahmed,2795
Naeem Ashraf,2796
Naeem Islam,3616
Naeemuddin Aslam,3195
Nafis Iqbal,3144
"Nagamootoo, M V",2229
"Nagel, L E",1245
"Nagenda, J",2797
Naiem Bameri,5791
"Naik, S S",1246
Naimuir Rahman,2232
"Nair, K K",4123
Najaf Shah,3469
Najeeb Amar,3188
Najeeb Tarakai,4274
Najibullah Zadran,3960
Najjam Shahzad,5632
Najmul Hossain Shanto,4633
"Nakrani, D M",5150
"Nalisa, W",4981
"Nana, P G",2798
"Nanan, R",1247
"Nanda, A",5442
Nanda Kumar,5058
"Nandela, M",5568
"Nankov, N",5685
"Nannes, D P",3697
"Nao, A",4676
"Naoomal Jeoomal, M",1248
"Narasimha Rao, M V",1250
"Narine, S P",3922
Naseem Khushi,4630
Naseem Shah,5727
Naseer Malik,2799
"Nash, B P",3610
"Nash, D J",1251
"Nash, L J",1252
"Nasim Baras, M",4504
Nasim-Ul-Ghani,1793
Nasir Ahmed,2800
Nasir Aziz,4364
Nasir Hameed,3205
Nasir Hossain,3878
Nasir Jamal,4315
Nasir Jamshed,3521
Nasir Javed,3227
Nasrulla Rana,5506
"Nathwani, A",5424
"Natubhai Ahir, A",5069
Nauman Anwar,4424
Naumanullah,3546
"Naureen, N H",5653
Naushad Ali,44
Naved Anjum,77
Naved Ashraf,2156
Naved Latif,2994
Naved-ul-Hasan,3102
Naveed Ahmed,5463
Naveed Fakhr,5823
Naveen -ul-Haq,4590
Navid Abdollahpour,5797
Navid Balouch,5793
"Navle, J G",1253
Nawab of Pataudi Jr,1341
Nawab of Pataudi Sr,1342
Nawaf Ahmed,5341
"Nawaz, M N",2801
Nawazish Jezuli,4912
Nawroz Mangal,3666
"Nayak, S V",1255
"Nayanakanatha, H G D",3116
"Nayar, A M",3704
Nayeem Hasan,4834
"Nayudu, C K",1256
"Nayudu, C S",1257
Nazakat Ali,5251
Nazar Mohammad,1199
"Nazimuddin, M",3538
"Nazir Ali, S",45
Nazmul Hossain,3225
Nazmul Islam,4736
Nazmus Sadat,3689
Nazril Rahman,5278
Nazwan Ismail,5750
"Ncube, N",3919
"Ndlovu, A",5249
"Neale, R",5441
"Neblett, J M",1261
"Neesham, J D S",3986
Neeyamur Rashid,2802
"Negi, P",4038
"Nehonde, R",5162
"Nehra, A",2168
"Neill, A",4923
"Nel, A",2970
"Nel, J D",1262
"Nel, J D",3402
"Nelson, L R",5515
"Nerandzic, S",5671
"Neser, M G",4201
"Nestor, K",5645
"Nethula, T S",3933
"Netravalkar, S N",4960
"Nevill, P M",4458
"Nevin, C J",2803
"Newberry, C J",1263
"Newey, O E",5207
"Newham, W",1264
"Newman, J",1265
"Newport, P J",1266
"Newson, E S",1267
"Ngam, M",2253
"Ngarava, R",4646
"Ngidi, L",4636
"Ngoche, J O",3805
"Ngoche, S O",3750
Niaz Ahmed,19
"Nicholls, H M",4509
"Nichols, M S",1268
"Nicholson, F",1269
"Nicholson, M J",2161
"Nicol, R J",3784
"Nicolson, I A",3822
"Nicolson, J F W",1270
"Nijman, R G",3674
"Nikitas, G",5700
"Nikolov, D",5679
"Nima, K",5753
"Nipiko, N",4975
"Nissanka, R A P",2993
"Nissar, M",1271
"Nitschke, H C",1272
"Nixon, P A",3454
Nizakat Khan,4280
"Nkala, M L",2222
"Nkhoma, F",5730
"Noble, M A",1273
"Noblet, G J",1274
"Noffke, A A",3531
Noman Kamawi,5103
Noor Ali Zadran,3663
Noor Momand,5109
Noor-ul-Haq,3819
"Noreiga, J M",1275
"North, M J",3648
"Nortje, A",4929
"Norton, N O",1276
"Nothling, O E",1277
"Nou, L",4455
Nouman Sarwar,4908
"Nourse, A D",1278
"Nourse, A W",1279
"Nsubuga, F",5154
"Ntambalika, G M",5735
"Ntini, M",2137
"Nunes, R K",1280
"Nupen, E P",1281
"Nurse, A R",3859
"Nurse, S M",1282
Nurul Abedin,2804
Nurul Hasan,4514
"Nussbaumer, L",5216
"Nyalchand, S",1283
"Nyauchi, V M",5768
"Nyumbu, J",4318
"Oakman, A S M",1294
"Obanda, A A",3509
"Obed, S H",4980
"O'Brien, G H",3372
"O'Brien, I E",3274
"O'Brien, K J",3391
"O'Brien, L P",1284
"O'Brien, N J",3417
"O'Brien, T C",1285
"Obuya, C O",2979
"Obuya, D O",2978
"Ochieng, E",5119
"Ochse, A E",1295
"Ochse, A L",1296
"O'Connor, J",1286
"O'Connor, J D A",1287
"O'Connor, S B",2110
"Odhiambo, N M",3755
"Odhiambo, N N",3346
"O'Donnell, S P",1288
"O'Dowd, M P",4443
"Odoyo, T M",2806
"Odumbe, E O",2807
"Odumbe, M O",2808
"Ogilvie, A D",1297
"Ojha, N V",3789
"Ojha, P P",3574
"O'Keefe, S N J",3811
"O'Keeffe, K J",1289
"Okpe, I O",5126
"Okpe, S A",5131
"Old, C M",1298
"Oldfield, N",1299
"Oldfield, W A S",1300
"O'Linn, S",1290
"Olipa, R",5176
"Olivier, D",4625
"Olonga, H K",2019
"Oluoch, L N",3894
Omar Hayat,5254
"Omarshah, A H",1558
"O'Neill, N C",1291
"Ongondo, P J",2805
"Onikoyi, A A",5123
"Onions, G",3676
"Ontong, J L",2969
"Onwuzulike, C N",5124
"Onyango, L N",2809
"Opatha, A R M",2810
"Oram, J D P",2811
"O'Reilly, W J",1292
"Orfila, A",5655
"Ormond, J",2981
"Osinde, H",3364
"O'Sullivan, D R",1293
"Otieno, E",3510
"Otieno, F N",3806
"Otieno, K O",2812
"Otwani, A",5149
"Ouma, M A",3222
"Outerbridge, S D",3427
Ovais Yousof,5121
"Overdijk, H C",4806
"Overton, C",4712
"Overton, G W F",1302
"Owens, M B",1304
"Owen-Smith, H G",1303
"Oxenham, R K",1305
"Oyede, A M",5125
"Packard, E",5641
"Padgett, D E V",1306
"Padhaal, V S",5317
"Padmore, A L",1307
"Page, M L",1308
"Pagon, D J",3275
"Pai, A M",1309
"Pai, B A",5639
"Paine, G A E",1310
"Paine, T D",3725
"Pairaudeau, B H",1311
"Pala, K",4456
"Palairet, L C H",1313
"Palframan, S J",2813
"Palia, P E",1314
"Palm, A W",1315
"Palmer, C H",1316
"Palmer, G E",1317
"Palmer, K E",1318
"Palmer, R J G",5217
"Panchal, R",4995
"Panchel, M",3493
"Pandey, G K",2814
"Pandey, I",5483
"Pandey, M K",4083
"Pandit, C S",1319
"Pandya, H H",4399
"Pandya, K H",4552
"Panesar, M S",3350
Pankaj Singh,3790
"Pant, R R",4542
"Panyangara, T",3168
"Papps, M H W",3161
"Paraam, A E",5337
"Param, N M S",5485
"Paranavitana, N T",3646
"Paranjpe, J V",2815
"Parchment, B A",3515
"Parfitt, P H",1320
"Paris, J S",4510
"Park, R L",1321
"Parkar, G A",1322
"Parkar, R D",1323
"Parker, C W L",1324
"Parker, G M",1325
"Parker, J M",1326
"Parker, M A",3796
"Parker, N M",1327
"Parker, P W G",1328
"Parkhouse, W G A",1329
"Parkin, C H",1330
"Parkin, D C",1331
"Parkinson, M W",5661
"Parks, J H",1333
"Parks, J M",1332
"Parnell, W D",3642
"Parore, A C",1334
"Parry, D R",1335
"Parry, S D",4272
"Parsana, D D",1336
"Partridge, J T",1337
Parvez Rasool,4311
"Pascal, N T",3716
"Pascoe, L S",1338
"Pasqual, S P",2816
"Passailaigue, C C",1339
"Patankar, C T",1340
"Patel, A",3098
"Patel, A",5725
"Patel, A K",2817
"Patel, A R",4310
"Patel, A Y",4828
"Patel, B J",2980
"Patel, B P",1343
"Patel, D N",1344
"Patel , H",3722
"Patel, H H",5720
"Patel, J M",2818
"Patel, J M",1345
"Patel, J S",3321
"Patel, K A",3353
"Patel, M",5597
"Patel, M",5072
"Patel, M D",4954
"Patel, M I A",5719
"Patel, M L",3229
"Patel, M M",2058
"Patel, M M",3352
"Patel, N K",5364
"Patel, P A",3035
"Patel, R G M",1346
"Patel, R N",5565
"Patel, R R",3612
"Patel, S R",3605
"Patel, T K",4959
"Paterson, D",4641
"Paterson, G A",2819
"Pathan, I K",3156
"Pathan, N",5260
"Pathan, R",4016
"Pathan, Y K",3550
"Pathirana, S S",4454
"Patiala, Y",1347
"Patil, S M",1349
"Patil, S P",4261
"Patil, S R",1348
"Patraj, J",3507
"Patterson, B M W",2820
"Patterson, B P",1350
"Patterson, K R",4841
"Pattinson, D J",3598
"Pattinson, J L",3854
"Paudel, R K",4812
"Paul, K M A",4742
Pavandeep Singh,5311
"Payne, T R O",1351
"Paynter, E",1352
"Peall, S G",1984
"Pearse, C O C",1353
"Peate, E",1354
"Peatfield, W A",5212
"Peckover, G E",2821
"Peebles, I A R",1355
"Peel, R",1356
"Pegler, S J",1357
"Pellew, C E",1358
"Pengkumta, C",5263
"Penn, A J",2822
"Penn, F",1359
"Perchard, C W",5199
"Perera, A K",4017
"Perera, B B J L",5181
"Perera, K G",2823
"Perera, M D K",3501
"Perera, M D K J",3994
"Perera, N L T C",3747
"Perera, P A R P",4950
"Perera, P D R",2169
"Perera, S A",2149
"Perera, S L",5145
"Perera, T",5157
"Periyalwar, S",5405
"Perkins, W K D",3690
"Perks, R T D",1360
"Perman, J",5651
"Permaul, V",3976
"Perry, N O",2178
Pervez Mir,2825
Pervez Sajjad,1524
"Peters, K K",4371
"Petersen, A N",3437
"Peterson, R J",3049
"Petherick, P J",1361
"Petrie, E C",1362
"Petrie, M J",3708
"Petrie, R G",2826
"Phadkar, D G",1363
"Phangiso, A M",3990
"Phaswana, T",5174
"Phehlukwayo, A L",4588
"Philander, V D",3476
"Philip, I L",2827
"Philipson, H",1364
"Phillip, N",1365
"Phillips, G D",4647
"Phillips, O",3711
"Phillips, W B",1366
"Phillips, W N",1367
"Philpott, P I",1368
"Piedt, D L",4317
"Pieris, H  S",2828
"Pierre, K",4830
"Pierre, L R",1369
"Pietersen, K P",3238
"Pigott, A C S",1370
"Pillai, R",5179
"Pillai, S",5062
"Pilling, R",1371
"Pisal, R",5451
"Pitcher, A D J",3496
"Pitcher, A R",3373
"Pitcher, J E",5362
"Pitcher, O L",3464
"Pithey, A J",1372
"Pithey, D B",1373
"Place, W",1374
"Playle, W R",1375
"Plimsoll, J B",1376
"Plunkett, L E",3331
"Pocock, B A",1377
"Pocock, P I",1378
"Pokana, N",4530
"Pokhriyal, S",5453
"Pollard, K A",3465
"Pollard, R",1379
"Pollard, V",1380
"Pollock, P M",1381
"Pollock, R G",1382
"Pollock, S M",2039
"Pommersbach, L A",3691
"Ponsford, W H",1383
"Ponting, R T",2041
"Poole, C J",1384
"Poonawala, R H",2829
"Poonia, N S",3419
"Pooran, N",4587
"Poore, M B",1385
"Poore, R M",1386
"Pope, G H",1387
"Pope, O J D",4814
"Pope, R J",1388
"Porter, G D",2830
"Porterfield, W T S",3418
"Pothas, N",2831
"Pothecary, J E",1389
"Poubel, V R C F",5585
"Pougher, A D",1390
"Poulose, A",4631
"Powar, R R",3164
"Powell, A W",1391
"Powell, D B",3022
"Powell, K O A",3720
"Powell, R",4605
"Powell, R L",2203
"Poynter, A D",3585
"Poynter, S W",4326
"Prabhakar, M M",1392
"Pradeep, N",3914
"Pragji, H",5388
"Prasad, B K V",2055
"Prasad, C",5063
"Prasad, K T G D",3341
"Prasad, M S K",2187
"Prasanna, E A S",1393
"Prasanna, S",3881
"Pretorius, D",4589
"Pretorius, D",3015
"Price, J S E",1394
"Price, R W",2201
"Price, W F F",1395
"Prideaux, R M",1396
"Priest, M W",1397
"Prince, A G",3013
"Prince, C F H",1398
"Pringle, C",1399
"Pringle, D J",2832
"Pringle, D R",1400
"Pringle, M W",1401
"Prior, M J",3239
"Priyanjan, S M A",4254
"Procter, M J",1402
"Promnitz, H L E",1403
"Puente, D D L",5618
"Pujara, C A",3826
"Pullar, G",1404
"Puna, N",1405
"Punja, Y",4491
"Punjabi, P H",1406
"Pushpakumara, K R",1998
"Pushpakumara, M",3741
"Pushpakumara, P M",4699
"Pusthay, A",5319
"Puttick, A G",3328
"Pycroft, A J",1407
"Pydanna, M R",2833
Qadeer Ahmed,4495
Qais Ahmad,5472
Qaiser Abbas,2246
Qaiser Ali,3423
Qalandar Khan,5287
Qasim Omar,1301
Qasim Zia,4865
"Qeshile, S",4985
"Quaife, W G",1409
"Quiney, R J",3974
"Quinn, N A",1411
Raag Kapur,5511
"Rabada, K",4339
"Rabone, G O",1412
"Rackemann, C G",1413
"Radford, N V",1414
"Radley, C T",1415
"Rae, A F",1416
Raees Ahmadzai,3668
Rafatullah Mohmand,4503
Rafiqul Alam,2834
Rafiqul Islam,3051
"Ragoonath, S",2171
"Rahane, A M",3889
Rahat Ali,3955
Rahman Ademi,5676
Rahmanullah Gurbaz,5474
Rahmat Shah,4009
"Raho, P",4349
"Rahul, K L",4137
"Rai Singh, K",1417
"Raina, S K",3287
"Rainsford, E C",3176
Raja Adeel,5637
"Rajapaksa, P B B",5509
"Rajbanshi, L N",4810
Rajin Saleh,3131
Rajinder Pal,1312
"Rajindernath, V",1420
"Rajitha, C A K",4531
"Rajput, L S",1421
"Raju, S L V",1422
Rakibul Hasan,5186
"Rakshit, S",5460
"Ramadhin, S",1423
"Raman, W V",1424
"Ramanayake, C P H",1425
"Ramaswami, C",1426
"Rambukwella, R L B",4251
"Ramchand, G S",1427
"Ramdass, R",3286
"Ramdin, D",3285
Rameez Raja,3899
Rameez Shahzad,4576
"Ramesh, S",2166
Ramiz Raja,1418
"Ramji, L",1428
"Ramnarine, D",2131
"Rampaul, R",3149
"Ramprakash, M R",1429
"Ramsammy, D R",3963
Ramveer Rai,3204
"Ranasinghe, A N",1432
"Ranasinghe, S K",2835
"Ranatunga, A",1433
"Ranatunga, D",1434
"Ranatunga, N",2836
"Ranatunga, S",1999
"Rance, S H A",4686
"Ranchod, U",1435
"Randall, D W",1436
Randhir Singh,2837
"Randiv, S",3746
"Rangachari, C R",1437
"Rangaswamy, A",5164
"Rangnekar, K M",1438
Ranjan Das,2242
"Ranjane, V B",1439
"Ranjitsinhji, K S",1440
"Rankin, D A",4434
"Rankin, W B",3459
"Ranpura, R J",4470
"Ransford, V S",1441
Raqibul Hasan,3537
Raqibul Hasan,2838
"Rashid, A U",3696
Rashid Khan,4484
Rashid Khan,5737
Rashid Khan,933
Rashid Latif,986
Rashid Zia,3219
"Rasu, J",4973
"Rathore, V S",2052
"Ratilal, K B",5077
"Ratnayake, N L K",2839
"Ratnayake, R J",1443
"Ratnayeke, J R",1444
"Ratra, A",3009
"Raul, S S",2840
"Raval, J A",4606
"Ravikumar, S",5061
Ravinder Singh,5529
Ravinderpal Singh,5368
"Ravu, D",4711
"Rawlins, D M W",5357
"Rawson, P W E",2841
"Rayudu, A T",4069
Raza Hasan,3970
Raza Iqbal,5221
Raza-ur-Rehman,3945
"Razdan, V",1446
Razmal Shigiwal,5417
"Read, C M W",2182
"Read, H D",1447
"Read, J M",1448
"Read, W W",1449
"Reardon, N J",4338
"Reb, J",5670
"Reddy, B",1450
"Redmond, A J",3547
"Redmond, R E",1451
"Redpath, I R",1452
"Reedman, J C",1453
"Reekers, D J",3406
"Reeve, D A",1454
"Rege, M R",1455
"Regmi, B",4289
"Rehman, S F",1456
Rehman Abdul,5183
"Reid, B A",1457
"Reid, C A",3220
"Reid, J F",1458
"Reid, J R",1459
"Reid, N",1460
"Reid, R B",2842
"Reifer, F L",2100
"Reifer, R A",4716
"Reiffel, P R",1461
"Relf, A E",1462
"Renneberg, D A",1463
"Rennie, G J",2111
"Rennie, J A",1985
"Renshaw, M T",4607
"Reva, J B",4457
"Reynold, G A",5053
"Reynolds, K A",5056
"Rhodes, H J",1464
"Rhodes, J N",1465
"Rhodes, S J",1989
"Rhodes, W",1466
Riaz Afridi,3232
Riazat Ali Shah,5151
"Rice, C E B",2843
"Richards, A C L",3487
"Richards, A R",1467
"Richards, B A",1468
"Richards, C J",1469
"Richards, D M",3712
"Richards, I V A",1470
"Richards, W H M",1471
"Richardson, A J",1472
"Richardson, D J",1473
"Richardson, D W",1474
"Richardson, E J",4236
"Richardson, J A",4650
"Richardson, K W",3996
"Richardson, M H",2231
"Richardson, M J",5252
"Richardson, P E",1475
"Richardson, R B",1476
"Richardson, T",1477
"Richardson, V Y",1478
"Richmond, T L",1479
"Rickards, K R",1480
"Ridgway, F",1481
"Rigg, K E",1482
"Rindel, M J R",2844
"Ring, D T",1483
"Ringera, E B",3896
"Rinke, H P",3343
"Rippon, M J",4020
"Ritchie, G M",1484
"Rivas, R",5617
"Rixon, S J",1485
"Rizwan, C P",4844
Rizwan Ahmed,3528
Rizwan Cheema,3604
Rizwan Latif,3202
Rizwan Tariq Mahmood,5247
Rizwan-Uz-Zaman,1800
"Roach, C A",1486
"Roach, K A J",3611
Robert Raina,5832
"Roberts, A D G",1490
"Roberts, A M E",1489
"Roberts, A T",1488
"Roberts, A W",1487
"Roberts, L A",2179
"Roberts, S J",2845
"Robertson, G K",1491
"Robertson, G R",2132
"Robertson, J B",1492
"Robertson, J D B",1493
"Robertson, J W V",5524
"Robertson, W J R",5201
"Robertson, W R",1494
"Robins, R W V",1495
"Robinson, J",3492
"Robinson, R D",1497
"Robinson, R H",1496
"Robinson, R T",1498
Robiul Islam,3785
"Robson, S D",4309
"Roche, L N",4803
"Rodriguez, W V",1499
"Rodriques, L H",5587
"Rogers, B G",3058
"Rogers, C J L",3519
"Rogers, G A",3449
"Rohan, R",5330
Rohan Mustafa,4262
"Rohrer, B J",4000
Rokhan Barakzai,4505
"Roland-Jones, T S",4689
"Romaine, I H",3374
"Romero, L C",3213
"Ronchi, L",3573
Rony Talukdar,4448
"Roope, G R J",1500
"Root, C F",1501
"Root, J E",3981
"Rorke, G F",1502
"Rose, B C",1503
"Rose, F A",2092
"Ross, M J",5189
"Rossi, S",5570
"Rossouw, R R",4321
"Routledge, T W",1504
"Rowan, A M B",1505
"Rowan, E A B",1506
"Rowe, C G",1507
"Rowe, G A",1508
"Rowe, L G",1509
"Roy, A",1510
"Roy, J J",4325
"Roy, P",1512
"Roy, P",1511
"Royle, V P F",1513
Rubel Hossain,3635
"Rudolph, J A",3109
Rumman Raees,4593
"Rumsey, F E",1514
"Rundle, D B",2846
"Runsewe, S",5553
"Rupasinghe, R J M",3731
"Rushmere, M W",1515
"Russ, G R",4971
"Russell, A D",3836
"Russell, C A G",1516
"Russell, R C",1517
"Russell, W E",1518
"Rutherford, H D",3999
"Rutherford, J W",1519
"Rutherford, K R",1520
"Rutherford, S E",4838
"Ryder, J",1521
"Ryder, J D",3532
Saad Ali,4993
Saad Bin Zafar,5370
Saad Nasim,4332
Saadat Ali,2847
Sabbir Rahman,4268
Saber Zakhil,5106
"Sachdev, V M",5068
Sadeeq Khan,5410
Sadiq Mohammad,1200
"Saeed, S",4889
Saeed Ahmed,20
Saeed Ajmal,3591
Saeed Anwar,81
Saeed Azad,2848
Saeed-Al-Saffar,2849
Sagar Pun,4290
"Saggers, M J",3140
"Saggers, R A",1523
"Sah, A K",4807
"Saha, T K",5324
"Saha, W P",3759
Sahibzada Farhan,4801
Sahir Naqash,5112
Saif Hassan,5773
Saiful Islam,2850
"Saini, N A",4656
Sajid Ali,2851
Sajid Cheema,4869
Sajid Liaqat,5098
Sajidul Islam,3518
Sajjad Ahmed,2852
Sajjad Akbar,2853
Sakib Hasan,5672
Salahuddin,1525
Salahuddin Ahmed,2877
"Salazar, J",5607
Saleem Altaf,59
Saleem Elahi,2031
Saleem Malik,1070
Saleem Pervez,2854
Saleem Raza,2855
Saleem Yousuf,1960
Salim Jaffer,855
"Salisbury, I D K",1526
Salman Butt,3132
Salman Faris,4263
Salman Farooq,4361
"Salmond, G",2856
"Salvi, A M",3106
"Sam Arthur, O",5066
"Samad, A M",3099
"Samarasekera, J A",2857
"Samarasekera, M A R",1527
"Samaraweera, D P",1981
"Samaraweera, T T",2858
"Samarawickrama, S",4704
"Sambo, B A",5714
Sameer Zia,3203
Sami Aslam,4413
Sami Sohail,5724
Samiullah Khan,3520
Samiullah Shinwari,3669
Samiur Rahman,2859
"Sammy, D J G",3228
"Samson, S V",4099
"Samuels, M N",2255
"Samuels, R G",2050
"Samuelson, S V",1528
"Sandakan, P A D L R",4571
"Sandaruwan, R",4890
Sandeep Goud,4921
Sandeep Sharma,4048
"Sandham, A",1529
"Sandher, K T",3365
"Sandhu, B S",1530
"Sandhu, G S",4374
"Sanford, A",3019
"Sangakkara, K C",2226
"Sanghvi, R L",2259
"Sanjaya, J R M V B",4649
"Santner, M J",4429
"Santokie, K",3907
"Sanuth, M E",5765
Sanwar Hossain,2861
Saqib Ali,3556
Saqib Zulfiqar,4790
Saqlain Ali,5116
Saqlain Arshad,5512
Saqlain Haider,4365
Saqlain Mushtaq,2032
Saqlain Sajib,4537
Sarandeep Singh,2251
"Sardesai, D N",1531
"Sarenac, M",5675
Sarfaraz Ahmed,3513
Sarfaraz Ali,4858
Sarfraz Butt,5808
Sarfraz Nawaz,1254
"Sarma, A",5093
"Sarraf, P",4842
"Sarwan, R R",2220
"Sarwar, M M",4895
"Sarwate, C T",1532
"Satheesan, R",5408
"Sathya, A",5041
"Sattaur, A F",3088
Satyadeep Ashwathnarayana,5541
"Saunders, J V",1533
"Save, B V",5781
"Saxena, R C",1534
Sayed Monib,5805
Sayed Shirzad,4506
"Sayers, C J",4745
"Scamans, J O P",5351
"Scarlett, R O",1535
"Schewe, M M C",2862
"Schiferli, E",3041
"Schofield, C P",2221
"Scholte, R H",3042
"Scholtz, B M",5033
"Schoonheim, J D",3997
"Schultz, B N",1536
"Schultz, S S",1537
"Schwarz, R O",1538
"Scott, A P H",1539
"Scott, H J H",1540
"Scott, O C",1541
"Scott, R H",1542
"Scott, V J",1543
"Scotton, W H",1544
"Sealey, B J",1545
"Sealy, G R",2863
"Sealy, J E D",1546
"Seccull, A W",1547
"Seebaran, B B",3095
"Seelaar, P M",3412
"Seeraj, S",3431
"Sehwag, V",2878
"Seifert, T L",4732
"Sekar, T A P",1548
"Selby, J",1549
"Sellers, R H D",1550
"Selvey, M W W",1551
"Semple, K F",2864
"Sen, P",1552
"Senamontree, K",5267
"Senamontree, N",5834
"Senanayake, C P",1553
"Senanayake, S M S M",3928
"Seneveratne, Y S D",5374
"Sengupta, A K",1554
"Serjeant, C S",1555
"Sert, M",5429
"Sethi, R K",2865
"Sewell, D G",2112
"Seymour, M A",1556
Shabbir Ahmed,2866
Shabir Noori,3763
"Shackleton, D",1557
Shadab Kabir,2062
Shadab Khan,4653
Shadman Islam,4835
"Shafeeq, L",5751
Shaffeq Muhammad,5698
Shafiq Ahmed,21
Shafiq Sharif,5270
Shafiqullah,3730
Shafiuddin Ahmed,2867
Shafiul Islam,3748
Shafqat Rana,1431
Shafraz Jaleel,5280
"Shah, H A M",5235
"Shah, K D",4352
"Shah, O A",2974
"Shah, R D",2868
Shahadat Hossain,3280
Shahbaz Badar,4859
Shaheedur Rahman,2869
Shaheen Shah Afridi,4798
Shaheryar Butt,5104
Shahid Afridi,2152
Shahid Anwar,2870
Shahid Israr,848
Shahid Mahboob,1058
Shahid Mahmood,1060
Shahid Nazir,2069
Shahid Saeed,1522
Shahid Wasif,4583
Shahriar Hossain,2233
Shahriar Nafees,3283
Shahzad Khan,3481
Shahzad Muhammad,5079
Shahzaib Hasan,3702
Shaikh Ashraf,5603
Shaiman Anwar,4264
Shakeel Ahmed,22
Shakeel Ahmed,2151
Shakeel Ansar,3953
Shakeel Khan,2871
Shakib Al Hasan,3426
"Shalders, W A",1559
"Shamdasani, P H",5608
"Shamsi, T",4562
"Shamsuden, A",3506
Shamsudheen Purat,4915
Shamsur Rahman,4018
Shan Masood,4246
"Shanaka, M D",4476
"Shankar, V",4027
"Shannon, J N K",4219
Shapoor Zadran,3729
Sharafuddin Ashraf,4313
"Sharif, S M",3868
Sharif Asadullah,4297
Shariful Haque,2872
Sharjeel Khan,4252
"Sharma, A K",1560
"Sharma, C",1561
"Sharma, G",1562
"Sharma, I",3470
"Sharma, K V",4115
"Sharma, M M",4028
"Sharma, P H",1563
"Sharma, R",3186
"Sharma, R",3923
"Sharma, R G",3474
"Sharma, S K",1564
"Sharp, J",1566
"Sharpe, D A",1567
"Sharpe, J W",1568
"Sharpe, P J",1569
"Shastri, R J",1570
"Shaw, A",1571
"Shaw, P P",4759
"Shaw, T G",2874
"Sheahan, A P",1572
"Sheeli, D",4891
Shehroz Ali,5557
Shehzad Altaf,2875
"Sheikh, M",2876
"Sheikh, M Q",3594
"Shem, Z K",4988
"Shepherd, B K",1573
"Shepherd, J N",1574
"Shepherd, R",5662
"Sheppard, D S R",1575
"Shepstone, G H",1576
"Sherwell, P W",1577
"Sherwin, M",1578
"Shetty, N K",5081
"Shetty, V",3557
"Shezi, M",4322
"Shikongo, B",5382
"Shillingford, G C",1579
"Shillingford, I T",1580
"Shillingford, S",3791
"Shinde, S G",1581
Shiraz Khan,5293
"Shivnarine, S",1582
Shoaib Akhtar,2124
Shoaib Ali,4872
Shoaib Gazi Hossain,5600
Shoaib Khan,3692
Shoaib Malik,2879
Shoaib Mohammad,1201
Shoaib Qureshi,5322
"Shodhan, R H",1583
"Short, D J M",4729
"Shrewsbury, A",1584
"Shrimpton, M J F",1585
Shubman Gill,4769
Shujauddin,1586
"Shukla, L R",2880
"Shukla, R S",1587
"Shuter, J",1588
"Shuttleworth, K",1589
Shuvagata Hom,3879
"Siaka, L",4343
"Sibanda, V",3141
"Sibley, D P",5704
"Siddiqui, I R",3001
"Siddle, P M",3618
"Siddons, J D",2881
"Sidebottom, A",1590
"Sidebottom, R J",2971
Sidhant Singh,5487
"Sidhu, N S",1591
"Siedle, I J",1592
"Sievers, M W",1593
Sikandar Raza,4022
Sikander Bakht,120
Sikander Zulfiqar,4522
"Silas, P",5385
"Silva, A R S",4713
"Silva, E H S",3558
"Silva, J K",3920
"Silva, K J",2045
"Silva, K M",5588
"Silva, K R P",4955
"Silva, L P C",2882
"Silva, S A R",1594
"Silverwood, C E W",2085
Simandeep Singh,4743
"Simango, B A",5733
"Simango, L A",5734
Simi Singh,4687
"Simmons, L M P",3447
"Simmons, M",5397
"Simmons, P V",1595
"Simons, E O",2883
"Simpson, R B",1597
"Simpson, R T",1596
"Simpson-Hayward, G H T",1598
"Simpson-Parker, M",5420
Simranjit Singh,5255
"Sims, J M",1599
"Sims, R W",3060
"Sinclair, B W",1600
"Sinclair, I M",1601
"Sinclair, J H",1602
"Sinclair, M S",2206
"Sincock, D J",1603
"Sinfield, R A",1604
"Singh, C K",1605
"Singh, H",5095
"Singh, R",2164
"Singh, R P",2884
"Singh, R P",3332
"Singh, R R",2158
"Singh, S",4966
"Singh, S",5652
"Singh, V A",4682
"Singh, V R",3354
"Singleton, J R",5613
"Singye, J",5740
"Singye, T",5739
"Sipamla, L",4849
"Siri, R M",5619
"Siriwardana, T A M",4453
"Sivaramakrishnan, L",1612
Skhawit Ali,3567
"Slack, W N",1613
"Slater, K N",1614
"Slater, M J",1615
"Sleep, P R",1616
"Slight, J",1617
"Smailes, T F",1618
"Small, G C",1619
"Small, J A",1620
"Small, M A",1621
"Smart, T T",3181
"Smit, J J",5028
"Smith, A C",1622
"Smith, A M",2102
"Smith, C A",1625
"Smith, C I J",1624
"Smith, C J",3429
"Smith, C J E",1626
"Smith , C J O",3400
"Smith, C L",1627
"Smith, C W",1623
"Smith, D",1631
"Smith, D B M",1628
"Smith, D C",4970
"Smith, D M",1629
"Smith, D R",1630
"Smith, D R",3157
"Smith, D S",3105
"Smith, D V",1632
"Smith, E J",1633
"Smith, E T",3130
"Smith, F B",1634
"Smith, F W",1635
"Smith, G C",3014
"Smith, H",1636
"Smith, H D",1637
"Smith, I D S",1638
"Smith, M",3588
"Smith, M J",2885
"Smith, M J",2886
"Smith, M J K",1639
"Smith, N M K",2887
"Smith, O F",4748
"Smith, O G",1640
"Smith, R A",1641
"Smith, R A J",4565
"Smith, S",5395
"Smith, S B",1642
"Smith, S J S",3751
"Smith, S P D",3756
"Smith, T P B",1643
"Smith, V I",1644
"Smithson, G A",1645
"Smits, J",3090
"Smuts, J T",4637
"Snape, J N",2988
"Snater, S",4793
"Snedden, C A",1646
"Snedden, M C",1647
"Snell, R P",1648
"Snooke, S D",1650
"Snooke, S J",1649
"Snow, J A",1651
"Sobers, G S A",1652
"Sodhi, I S",4243
"Sodhi, R S",2888
Sohag Gazi,3975
Sohaib Maqsood,4230
Sohail Butt,2889
Sohail Fazal,2890
Sohail Khan,3525
Sohail Tanvir,3502
"Sohal, S",4127
Soheel Hussain,5117
"Sohoni, S W",1654
"Sola, S",5305
"Solanki, V S",2891
"Sole, C B",4577
"Sole, T B",4724
"Solkar, E D",1655
"Solomon, J S",1656
"Solomon, W R T",1657
"Somasunder, S B",2892
"Somerville, W E R",4836
Sompal Kami,4291
"Sood, M M",1658
"Soosiyakumar, S",5681
"Soper, C A",4460
"Soraine, D",3432
"Sorensen, M C",3941
"Soto, E S",5087
Soumya Sarkar,4362
"Southee, T G",3542
"Southerton, J",1659
"Sparling, J T",1660
"Spearman, C M",2042
"Spofforth, F R",1661
"Spooner, R H",1662
"Spooner, R T",1663
"Spry, M",5612
"Sran, B B",4512
"Sreekumar, L",4492
"Sreesanth, S",3327
"Srikkanth, K",1664
"Srinath, J",1665
"Srinivasan, H",5118
"Srinivasan, T E",1666
"Sriram, S",2893
"Srivastav, A",5595
"Ssenyondo, H",5155
"St Hill, E L",1667
"St Hill, W H",1668
"Staal, A J",5342
"Stackpole, K R",1669
"Stander, J H",3656
"Stanger, I M",2894
"Stanlake, B",4626
"Stanyforth, R T",1670
"Staple, R W",3215
"Staples, S J",1671
"Starc, M A",3830
"Statham, J B",1672
"Statham, N A",3091
"Stayers, S C",1673
"Stead, G R",2176
"Stead, M P",2895
"Steede, R D",3381
"Steel, A G",1674
"Steele, D S",1675
"Stelling, W F",3410
"Stephen, A L",5501
"Stephenson, B S",5048
"Stephenson, J P",1676
"Stephenson, T J",5083
"Stevens, B D H",5193
"Stevens, G B",1677
"Stevens, G T S",1678
"Stevenson, C A H",5761
"Stevenson, G B",1679
"Stewart, A J",1680
"Stewart, E L R",2896
"Stewart, M J",1681
"Stewart, R B",1682
"Stewart, S L",3773
"Steyn, D W",3242
"Steyn, P J R",2012
"Stirling, D A",1683
"Stirling, P R",3586
"Stoddart, A E",1684
"Stoinis, M P",4389
"Stokes, A C F",5210
"Stokes, B A",3883
"Stokes, M W R",5205
"Stokkers, L W",3599
"Stollmeyer, J B",1685
"Stollmeyer, V H",1686
"Stoman, F",5633
"Stone, O P",4819
"Stoneman, M D",4700
"Storer, W",1687
"Stott, L W",2897
"Stovell, D C",5400
"Strang, B C",2017
"Strang, P A",2005
"Strauss, A J",3148
"Streak, H H",1986
"Street, G B",1688
"Stricker, L A",1689
"Strudwick, H",1690
"Strydom, G M",3344
"Strydom, P C",2207
"Strydom, R",3539
"Stuart, A M",2898
"Stuart, C E L",2256
"Studd, C T",1691
"Studd, G B",1692
"Styris, S B",2899
"Su'A, M L",1693
"Suanchuai, P",5833
Subashis Roy,4619
"Subba Row, R",1694
"Subramanian, K",5836
"Subramanya, V",1695
"Such, P M",1696
"Sudhakar Rao, R",2900
Sufiyan Mohammed,5544
Sufyan Mehmood,4502
"Sugg, F H",1697
Suhail Sadiq,5444
Suhrawadi Shuvo,3771
Suhrid Roy,5561
"Suji, A O",2901
"Suji, M A",2902
Sultan Ahmed,4466
Sultan Ahmed,4680
Sultan Zarawani,2903
"Sulzberger, G P",2904
Sumair Khan,5006
"Sumar, S",2905
"Sumerauer, J",5197
"Sunderam, G R",1698
Sunzamul Islam,4688
Suraj Kumar,5034
"Surendranath, R",1699
Suresh Kumar,5621
"Surkari, Z E",3579
"Surti, R F",1700
"Suryawanshi, C R",5334
"Susskind, M J",1701
"Sutcliffe, B",1702
"Sutcliffe, H",1703
"Suttisan, K",5262
"Swamy, V N",1704
"Swanepoel, S J",3069
"Swann, G P",2906
"Swart, M R",3867
"Swepson, M J",4796
"Swetman, R",1705
"Syafiq Ali, P",5286
Syazrul Idrus,5499
Syed Ali U Naqvi,2115
Syed Aziz,5273
Syed Maqsood,3197
Syed Rasel,3323
"Symcox, P L",1706
"Symonds, A",2907
"Synman, G",3076
"Szwarczynski, E S",3413
Tabarak Dar,3184
"Taber, H B",1707
"Taberer, H M",1708
Tafseer Ali,5231
Tahir Dar,4863
Tahir Naqqash,1249
"Taibu, T",2975
Taijul Islam,4324
"Tait, A R",2908
"Tait, S W",3319
Talat Ali,47
Talha Jubair,3023
Talha Khan,5111
"Tallon, D",1709
"Tamhane, N S",1710
Tamim Iqbal,3461
Tamoor Sajjad,4905
Tanbir Hayder,4620
"Tancred, A B",1711
"Tancred, L J",1712
"Tancred, V M",1713
Tanveer Ahmed,4534
Tanvir Ahmed,3837
Tanvir Mehdi,2909
Tanwir Afzal,4281
Tapash Baisya,3032
"Tapscott, G L",1714
"Tapscott, L E",1715
"Tarapore, K K",1716
Tareq Aziz,3010
"Tari, R",4978
Tariq Aziz,5626
Tariq Javed,2910
Tarun Sharma,5036
Taskin Ahmed,4299
Taslim Arif,88
"Tate, F W",1717
"Tate, M W",1718
"Tattersall, R",1719
Taufeeq Umar,2982
Tauqeer Hussain,4999
Tausif Ahmed,23
"Tavare, C J",1720
"Tayfield, H J",1721
"Taylor, A I",1722
"Taylor, B R",1723
"Taylor, B R M",3169
"Taylor, D",1724
"Taylor, D D",1725
"Taylor, H W",1726
"Taylor, J E",3122
"Taylor, J M",1728
"Taylor, J O",1727
"Taylor, J P",1729
"Taylor, J W A",3884
"Taylor, K",1730
"Taylor, L B",1731
"Taylor, L R P L",3348
"Taylor, M A",1732
"Taylor, P",5461
"Taylor, P L",1733
"Taylor, R M L",4013
"Taylor, R W",1734
"Taylor, S R",4953
"Taylor, T",5378
"Tector, H T",5476
"Telemachus, R",2911
"Tembo, V E",5713
"ten Doeschate, R N",3407
"Tendulkar, S R",1735
"Tennekoon, A P B",2912
"Tennyson, L H",1736
"ter Braak, D J",4811
"Terbrugge, D J",2153
"Terry, S P",4569
"Terry, V P",1737
"Tewarie, V A B",3870
"Thaker, H",5398
"Thakur, S N",4393
"Tharanga, W U",3291
"Theron, J",3824
"Theunissen, N H",1738
"Thinley, J",5747
"Thirimanne, H D R L",3749
"Thomas, A C",3700
"Thomas, D C",3718
"Thomas, G",1739
"Thomas, J G",1740
"Thomas, O R",4822
"Thomas, R A",5366
"Thompson, E P",3652
"Thompson, G J",1741
"Thompson, G J",3540
"Thompson, N",1742
"Thompson, P I C",2051
"Thompson, S R",4237
"Thoms, G R",1743
"Thomson, A L",1744
"Thomson, J R",1745
"Thomson, K",1746
"Thomson, N I",1747
"Thomson, S A",1748
"Thornton, P G",1749
"Thorpe, G P",1750
"Thuraisingam, S",3089
"Thurlow, H M",1751
"Thushara, T",3126
"Tiai, S F",5306
"Tickner, B M",4851
"Tikolo, L O",2913
"Tikolo, S O",2914
"Tillakaratne, H P",1752
"Tindill, E W T",1753
"Tiripano, D T",4314
"Tissera, M H",2915
"Titmus, F J",1754
"Tiwary, M K",3530
"Tiwary, S S",3833
"Tobgay, S",5741
"Toka, G",5348
"Tolchard, R W",1755
"Tomlinson, D S",1756
"Tommy, C",4989
"Tonge, G C",3717
"Tonuu, O F J",5307
"Toohey, P M",1757
"Topley, R J W",4479
"Toshack, E R H",1758
"Townsend, C L",1759
"Townsend, D C H",1760
"Townsend, L F",1761
"Traicos, A J",1762
"Travers, J P F",1764
"Tredwell, J C",3772
"Tremain, C P",4594
"Tremlett, C T",3282
"Tremlett, M F",1765
"Trescothick, M E",2228
"Tribe, G E",1766
"Trim, J",1767
"Trimble, G S",2916
"Trimborn, P H J",1768
"Tripathi, A",5620
"Trott, A E",1770
"Trott, G H S",1769
"Trott, I J L",3693
"Trott, R J",3511
"Troughton, J O",3124
"Troup, G B",1772
"Trueman, F S",1773
"Trumble, H",1774
"Trumble, J W",1775
"Trumper, V T",1776
"Truscott, P B",1777
"Tshabalala, T",3477
"Tshose, T",5166
"Tshuma, C K",5787
"Tsolekile, T L",3234
"Tsotsobe, L L",3641
"Tucker, J J",3375
"Tucker, L J",4586
"Tucker, T E",3577
"Tuckett, C M",2917
"Tuckett, L",1778
"Tuckett, L R",1779
"Tudor, A J",2155
"Tuffey, D R",2219
"Tufnell, N C",1780
"Tufnell, P C R",1781
"Turan, T",5427
"Turnbull, M J",1782
"Turner, A",1783
"Turner, A J",4648
"Turner, C T B",1784
"Turner, G M",1785
Tushar Imran,2998
"Twentyman-Jones, P S",1786
"Twose, R G",2038
"Tyagi, S",3743
"Tye, A J",4383
"Tyldesley, G E",1787
"Tyldesley, J T",1788
"Tyldesley, R K",1789
"Tylecote, E F S",1790
"Tyler, E J",1791
"Tyler, H E R",4968
"Tyson, F H",1792
"Udal, S D",2918
"Udana, I",3699
"Udawatte, M L",3544
Ugyen Dorji,5744
"Uisuk, W",5831
"Ul Haq, E",5222
"Ulutuna, R",5426
"Ulutuna, T",5434
"Ulyett, G",1796
Umair Ali,4452
"Umanath, J",5045
Umar Adam,4879
Umar Akmal,3721
Umar Amin,3793
Umar Gul,3100
"Umrigar, P R",1797
"Unadkat, J D",3838
"Underwood, D L",1798
"Uniyal, A",5596
"Upashantha, K E A",2170
"Ura, T P",4342
Usama Master,5723
Usman Ali,4878
Usman Ghani,4300
Usman Limbada,3753
Usman Mushtaq,4496
Usman Patel,5802
Usman Salahuddin,3862
Usman Shinwari,4253
Usman Waheed,5295
"Uthappa, R V",3355
"Utseya, P",3170
"Vaas, W P U J C",2000
"Vadher, A V",2919
"Vaidya, P S",2920
"Vala, A",4341
"Valentine, A L",1801
"Valentine, B H",1802
"Valentine, J N",2921
"Valentine, V A",1803
"van Beek, L V",4295
"van Bunge, D L S",3043
"van der Bijl, P G V",1804
"van der Dussen, H E",4817
"van der Gugten, T",3944
"van der Merwe, A",3814
"Van Der Merwe, E A",1805
"van der Merwe, P L",1806
"van der Merwe, R",5577
"van der Merwe, R E",3658
"van der Wath, J J",3339
"van Jaarsveld, M",3050
"van Jaarsveld, V B",3636
"van Meekeren, P A",4021
"van Nierop, M W A",3445
"van Noortwijk, K J",2922
"Van Oosterom, R F",2923
"van Rooi, B O",3097
"van Ryneveld, C B",1807
"van Schelven, M B",4444
"van Schoor, M",3093
"van Troost, L P",3044
"van Vuuren, R J",3092
"van Wyk, C  F",3943
"van Wyk, M N",3129
"Van Zyl, C J P",2924
"van Zyl, S",4366
"Vance, R H",1808
"Vandersay, J D F",4474
"Vandort, M G",2983
"Vanua, N",4353
"Varaiya, H A",3422
"Varathappan, S",5289
"Vare, J N T",4347
"Varnals, G D",1809
"Vashisht, S",5409
"Vaughan, J C B",2925
"Vaughan, J T C",1810
"Vaughan, M P",2200
"Veerapathiran, S",5813
"Veillard, T C W",5215
"Veivers, T R",1811
"Veletta, M R J",1812
"Vengsarkar, D B",1813
"Venkataraghavan, S",1814
"Venkataramana, M",1815
"Venkateswaran, G",5439
"Venugopal Rao, Y",3288
"Verity, H",1816
"Vermeulen, M A",2926
"Vernon, G F",1817
"Verreynne, K",5829
"Vesawkar, S",4292
"Vettori, D L",2090
Vichanath Singh,5266
"Vifah, J K",5171
"Vihari, G H",4117
"Vijay, M",3626
"Vijayakumar, S",5340
"Vijh, V",5438
Vikramjit Singh,5480
"Vilas, D J",3950
"Viljoen, C",5030
"Viljoen, D P",2135
"Viljoen, G C H",4513
"Viljoen, K G",1818
Vimal Kumar,4987
"Vinay Kumar, R",3782
"Vince, J M",4419
"Vincent, C L",1819
"Vincent, L",2927
"Vine, J",1820
"Vine, T C",4997
Vinod Kumar,5352
"Vintcent, C H",1821
"Vira, J",4979
"Viraliliu, W",4990
Virandeep Singh,5268
"Visee, T P",4445
Vishal Ahir,5086
"Vishwanath, R",5437
"Viswanath, G R",1822
"Viswanath, S",1823
"Vithanage, K D K",4012
"Vitori, B V",3872
"Vivian, G E",1824
"Vivian, H G",1825
Vizianagram,1826
"Voce, W",1827
"Voges, A C",3463
"Vogler, A E E",1828
"Vonhagt, D M",2928
"Vorster, C",5214
"Waddington, A",1829
"Wade, H F",1830
"Wade, M S",3910
"Wade, W W",1831
"Wadekar, A L",1832
"Wadsworth, K J",1833
Wafadar Momand,4795
"Wagner, N",3967
Wahab Riaz,3529
Waheed Ahmed,5346
Wahidul Gani,2929
"Wainwright, E",1834
"Waiswa, C",5156
"Waiswa, K",5778
"Waite, J H B",1835
"Waite, M G",1836
Wajahatullah Wasti,2167
"Walcott, C L",1837
"Walcott, L A",1838
Walid Ghauri,5223
"Walker, B G K",2249
"Walker, M D J",3151
"Walker, M H N",1839
"Walker, P M",1840
"Wall, T W",1841
"Wallace, C D",3946
"Wallace, P A",2123
"Wallace, W M",1842
"Waller, A C",2084
"Waller, M N",3640
"Walmsley, K P",2021
"Walsh, C A",1843
"Walsh, H R",4956
"Walter, K A",1844
"Walters, C F",1845
"Walters, F H",1846
"Walters, K D",1847
"Walters, R",3068
"Walton, C A K",3713
"Walusimbi, S",2930
"Wangchuk Jr, T",5738
Waqar Hasan,724
Waqar Khan,5609
Waqar Salamkheil,4951
Waqar Younis,1959
"Waqas Ahmed, S",5227
Waqas Ali,5115
Waqas Barkat,4282
Waqas Khan,4356
Waqas Maqsood,4829
Waqas Raja,5329
"Ward, A",1849
"Ward, A",1848
"Ward, B",5218
"Ward, F A",1850
"Ward, I J",2972
"Ward, J T",1851
"Ward, T A",1852
"Wardlaw, I",4008
"Wardle, J H",1853
"Warnapura, B",1854
"Warnapura, B S M",3467
"Warnaweera, K P J",1855
"Warne, S K",1856
"Warner, D A",3637
"Warner, P F",1857
"Warr, J J",1858
"Warren, A",1859
"Warrican, J A",4486
"Washbrook, C",1860
Washeem Abbas,5530
"Washington, D M",3278
Washington Sundar,4684
Wasim Akram,29
Wasim Ali,4922
Wasim Bari,135
Wasim Haider,2931
Wasim Raja,1419
"Wassan, A S",1861
"Watambwa, B T",2968
"Wategaonkar, V S",4533
"Waters, S",3621
"Waththage, S M K",5462
"Watkin, S L",1862
"Watkins, A J",1863
"Watkins, J C",1864
"Watkins, J R",1865
"Watkinson, M",2028
"Watling, B J",3737
"Watson, C D",1866
"Watson, G D",1867
"Watson, R R",3399
"Watson, S R",3017
"Watson, W",1869
"Watson, W",1870
"Watson, W J",1868
"Watt, L",1871
"Watt, M R J",4436
"Watts, D F",3425
"Waugh, M E",1872
"Waugh, S R",1873
"Wazir Ali, S",46
Wazir Mohammad,1202
"Webb, M G",1875
"Webb, P N",1876
"Webb, R J",2932
"Webbe, A J",1877
"Weekes, E D C",1878
"Weekes, K H",1879
"Weerakkody, A P",2933
"Weerakkody, D S",4642
"Weerakoon, S",3956
"Weeraratne, K",2934
"Weerasinghe, C D U",1880
"Weerasooriya, W R W M P",5523
"Weir, G L",1881
"Welegedara, U W M B C A",3516
"Wellard, A W",1882
"Wellham, D M",1883
"Wells, A P",2029
"Wells, C M",2935
"Wells, V J",2936
"Welsh, S R",3433
"Wesley, C",1884
"Wesonga, D S",3812
"Wessels, K C",1885
"West, R M",3614
"Westcott, R J",1887
"Westdijk, B A",3849
"Westley, T",4698
"Weston, D",5090
"Westphal, A A",5567
"Wettimuny, M D S",1888
"Wettimuny, S",1889
"Wettimuny, S R D",2937
"Wharf, A G",3209
"Wharton, A",1890
"Whatham, K",3851
"Whatmore, D F",1891
"Wheal, B T J",4520
"Wheeler, B M",4432
"Whelan, R K",3472
"Whitaker, J J",1892
"White, A R",3392
"White, A W",1897
"White, C",1990
"White, C L",3325
"White, D J",1893
"White, D W",1894
"White, G C",1895
"White, J C",1896
"Whitelaw, P E",1898
"Whiteman, T",5440
"Whitney, M R",1899
"Whittall, A R",2066
"Whittall, G J",1987
"Whittingham, S G",4703
"Whitty, W J",1900
"Whysall, W W",1901
"Wickramaratne, R P A",2938
"Wickramasekara, S",5456
"Wickramasinghe, G P",1902
"Wickremasinghe, A G D",1903
"Wiener, J M",1904
"Wiese, D",4228
"Wight, C V",1905
"Wight, G L",1906
"Wijegunawardene, K I W",1907
"Wijekoon, M R G",3284
"Wijesuriya, R G C",1908
"Wijetunge, P K",1972
"Wijeyeratne, S A",5625
"Wildermuth, J D",4799
"Wiles, C A",1909
"Wilkinson, L L",1910
"Willett, E T",1911
"Willey, D J",4420
"Willey, P",1912
"Williams, A B",1913
"Williams, B A",3006
"Williams, C G",5027
"Williams, D",1914
"Williams, E A V",1915
"Williams, H S",2939
"Williams, K O K",4592
"Williams, L R",2940
"Williams, N F",1916
"Williams, N L",5522
"Williams, S C",1980
"Williams, S C",3270
"Williamson, J G",2941
"Williamson, K S",3817
"Willis, O R",5375
"Willis, R G D",1917
"Willoughby, C M",2942
"Willoughby, J T",1918
"Wilson, C E M",1919
"Wilson, D",1920
"Wilson, E R",1921
"Wilson, G C",3473
"Wilson, J W",1922
"Wilson, J W",2943
"Wilson, P",2136
"Wimble, C S",1923
"Winslow, P L",1924
"Wiseman, P J",2142
"Wishart, C B",2035
"Wishart, K L",1925
"Wisneski, W A",2944
"Woakes, C R",3846
"Wood, A",1926
"Wood, B",1927
"Wood, G E C",1928
"Wood, G M",1929
"Wood, H",1930
"Wood, M A",4421
"Wood, R",1931
"Woodcock, A J",1932
"Woodcock, L J",3841
"Woodfull, W M",1933
"Woods, S M J",1934
"Woolley, F E",1936
"Woolley, R D",1937
"Woolmer, R A",1938
"Worker, G H",4477
"Worrall, D J",4591
"Worrall, J",1939
"Worrell, F M M",1940
"Worthington, T S",1941
"Wright, A S",5202
"Wright, C",5379
"Wright, C M",3421
"Wright, C W",1942
"Wright, D V P",1943
"Wright, J G",1944
"Wright, K J",1945
"Wright, L J",3499
"Wyatt, R E S",1946
"Wynne, O E",1947
"Wynyard, E G",1948
"Ya France, H N",5032
"Yachad, M",2945
"Yadav, J",4390
"Yadav, J P",3054
"Yadav, N S",1949
"Yadav, U T",3786
"Yadav, V",1950
"Yajurvindra Singh, J",1609
"Yallop, G N",1952
Yamin Ahmadzai,4507
"Yardley, B",1953
"Yardley, N W D",1954
"Yardy, M H",3435
Yasar Haroon,5582
Yashpal Sharma,1565
Yasir Ali,4996
Yasir Ali,3134
Yasir Arafat,2946
Yasir Hameed,3117
Yasir Idrees,4919
Yasir Shah,3898
Yograj Singh,1610
"Yohannan, T",3000
"Yordanov, N",5702
"Young, B A",1955
"Young, B E",2947
"Young, C A",4328
"Young, H I",1956
"Young, J A",1957
"Young, K J",5049
"Young, R A",1958
"Young, R A",3844
"Young, S",2108
Younis Ahmed,24
Younis Khan,2211
Yousef Shadzehisarjou,5792
"Yuile, B W",1961
Yunus Badat,2948
Yusuf Ebrahim,5071
Yuvraj Singh,2949
Zafar Gohar,4494
Zafar Iqbal,2950
Zaheer Abbas,3
Zaheer Ibrahim,4903
Zaheer Maqsood,4493
Zahid Ahmed,2951
Zahid Fazal,530
Zahid Hussain,3901
Zahid Razzak,2952
Zahid Shah,3559
Zahir Khan,4782
Zahir Mohammed,5539
Zahoor Elahi,2078
Zahoor Khan,4632
Zain Abbas,3568
Zain Ul Tashnam,5065
Zaki Ul Hassan,5110
Zakir Hasan,4733
Zakir Hasan,2953
Zakir Hossain,4984
Zakir Khan,934
Zakiullah Zaki,3949
Zameer Khan,5314
Zameer Zahir,3714
Zamir Khan,3947
"Zampa, A",4527
"Zargar, S",5082
"Zavoiu, C",5413
Zawar Farid,5347
Zeeshan Abbas,4920
Zeeshan Kukikhel,5536
Zeeshan Maqsood,4461
Zeeshan Siddiqi,3964
Zeeshan Siddiqui,4463
"Zesers, A K",2954
Zeshan Arif,5464
"Zhuwawo, C",3619
Ziaur Rahman,4924
Ziaur Rahman,3966
Ziaur Rehman,5323
Zishan Shah,5238
"Zoehrer, T J",1964
Zohaib Sarwar,5628
"Zondeki, M",3063
"Zondo, K",4730
"Zoysa, D N T",2095
Zubaidi Zulkifle,5490
"Zuiderent, B",2955
"Zulch, J W",1965
Zulfiqar Ahmed,25
Zulfiqar Ali,2956
Zulfiqar Babar,4226
Zulqarnain Haider,5000
Zulqarnain Haider,3701
Zulquarnain,1966
